prod_id,serial,branch_id,warranty
15,XR44IW8HUE,1,180
11,QAN7UKB344,2,720
10,0Q2VRYUMJG,1,360
15,HZPNH9LKLC,1,720
15,0QPOT4G8P9,16,360
5,L47U4KGIC4,15,720
7,B04Z0O91YP,6,180
4,RZZ2NJWYBJ,21,180
1,F9R04PG0HE,18,180
14,04H5M4LV8T,17,180
4,CSKZAP68R6,10,720
11,ZQL6LW7KBI,19,360
6,GCWDIIL4B8,1,180
13,H3QFFRE494,1,360
7,G2B2QSPBGX,15,360
14,7JA1KEV224,17,180
11,LA0ZFUCQ1B,21,720
14,RZHPQTV77W,13,360
4,UN5AFTNJ12,16,180
7,JSZZRAKTR8,14,180
8,ZV7ATK26Y8,6,360
4,M3YH2I13PA,7,180
13,J9J7LEUDAP,15,180
12,HNWKI8WSFO,6,720
9,4BXHXUO3CV,9,180
3,7WHR7UUBX8,6,720
6,AVNNGDXRZ3,17,360
10,OYK0VRYXCP,14,720
5,ZIG4SN0M24,6,180
8,34I5YM17M9,18,180
10,314BCX4980,3,180
9,87QG5NB0R1,20,720
3,PAES668R6N,3,360
11,1E38SVKS1W,6,720
9,SQF83NEMRE,10,360
3,BI5ABTI5XO,1,180
11,IFBTRQY765,18,360
12,15C6E5G583,17,360
6,A87RATQW35,12,180
8,T4MR3236AS,15,720
4,XTZ3LSHY9L,15,720
9,8FNCQPQ9CR,4,360
1,LZ52CFRBKA,4,360
2,MHQ9HAFBLP,3,360
3,64VGZDK8J3,11,360
15,S3AIAWI9XF,9,720
3,VY2LQFBINE,10,720
3,N2BVETYXQG,4,360
14,SYH4TH08ZD,20,720
3,Q411ESKKMC,21,720
9,C67M9CXFBR,21,360
13,FOZTUGPGXW,5,180
11,I694Q51JEB,11,360
4,7CBOWGYGBC,13,360
13,QRPC0Y7KFS,9,180
1,MBG2BHZG0C,4,180
5,9RFCGGC109,15,720
6,F6T7Q4P7PY,19,180
1,27MZEXMXUY,20,360
4,NXQNHABWWG,15,180
13,HE0K9RB5QW,2,720
6,EHDMITMMCQ,12,180
13,AY2R7V9QCL,9,360
10,S60DUMXSWZ,9,360
4,N682ATNPPH,19,720
11,D633TNXOXI,7,180
9,Y2A7GRTODH,4,720
5,BNO3QPQKKE,3,720
13,4G09BM9KTQ,15,360
1,D3PQS7S1WG,3,180
8,45C066Z3AN,6,720
2,J32XNVMOBZ,7,720
6,GO8I9TLZMT,6,360
10,M31022X940,10,720
8,TIBME136TT,11,720
12,PBONR8J6VD,7,720
4,SIZPUWK0JH,2,180
11,BN2UWLAIB0,12,720
14,61DFVLOVY2,2,360
9,KQA34IF3ID,21,720
9,9TZPMV89JO,10,180
12,MHL6RZ8VKX,14,180
11,OA2BCYKFKM,8,360
14,175ZVA9SHJ,16,180
1,LS9VI5U6KF,18,720
8,S1VZHFNXF3,5,720
4,EL40CUV105,13,360
15,HTRJ24M0V6,8,360
5,NAZ53ZYBFQ,13,360
14,9RMXR9OP15,18,720
10,AEMSRWKWMX,18,180
12,DLPDZWJCGN,14,180
8,WV00OQPDZQ,16,720
1,O9XTWAHTOR,1,180
9,J6JF19QQIN,15,360
9,K02DKYTWDW,8,180
7,I7AGAC08RK,1,180
10,49ZVXOKT6U,11,180
1,IZT68B5SB6,17,720
3,S735FWHNQK,6,720
14,MX8G52NTF9,1,180
1,D04FES3KM5,19,720
13,OBTT9TR3F6,20,360
1,69C30XQNEC,6,720
1,0MND0J4YO6,14,180
9,NZUA5Y7HCJ,21,180
13,TLUQ2I7HZF,20,180
1,5QRHF5FN7H,13,720
4,UMKGE4E9FP,1,720
5,IT4SAUVZ4K,17,180
11,STK80EPYCW,20,360
1,E6364P3T21,11,360
12,SEQ9GV009B,1,360
9,WNXTVW9W1H,4,360
14,WYQE91CBUZ,11,360
14,RIGMWAZ7NW,7,720
14,5X8WGISMJ7,17,180
1,4WAUHMK97F,11,720
4,4A9KV8MB80,16,720
1,7NMKM7BAHN,3,180
2,91DTL4ET5L,21,180
10,976B4Y3CNJ,9,180
13,KJN5CJ9VSU,13,180
7,OLMKZW4IY4,19,180
7,AC8L7NUNL8,5,360
2,CAUI7402D2,4,180
5,WM543PSCF0,8,360
3,412PQ4Q6M5,20,720
3,SHUVDGNJJ1,11,180
15,RACKA3S2OT,12,180
12,V06MQQ9ZIU,15,360
2,QDCH4KS9OQ,5,180
3,AF5QXTQ7RF,21,180
10,8RX1O573CI,5,720
6,VVHSP2N00H,1,720
11,5IH6Q2PH9U,11,180
8,91VBI71SWT,7,360
4,PO5Z2Y0R7W,7,360
4,IIG67PVZ2W,8,720
2,66UOOJG81V,7,180
13,0I1C7E5LGG,6,360
11,AZHIQAA8HI,10,360
12,D79A3VYVRB,7,360
8,9EGNMX2V39,8,720
15,84KSGDGIFU,14,360
12,3MEE0KYL3O,16,360
7,UX2BL3GJ5Z,20,720
10,XRJP8MBWPF,4,720
8,JXW9UEHZNX,1,720
7,0FX13AP7KD,6,360
14,WIDDY675E2,14,720
1,ZPK355HGP9,20,180
2,2NM2BL5H35,9,720
12,5CLWMRF6VC,17,360
15,BS780ZUAT4,3,180
3,AQT1QXYS1R,21,720
3,JPEDKV6L0I,8,180
3,GR2G7ER1CK,11,360
9,Y7B9F0PS4P,17,720
5,5NS079XQQY,2,720
1,W6175MUOB2,20,720
7,XEVKML1NQR,15,360
3,DKKDWXOT76,8,360
9,9BFX3820BC,3,360
15,M7F6K7TKET,18,720
15,BV6PTT3728,11,720
11,1SGUAJ1UB1,4,180
2,QXGKAJ21QD,17,720
14,34HG1NMSJH,2,180
1,FL305V7CZX,11,360
12,8L85JA3OMB,8,360
3,9895G5EHB3,19,180
13,2WPUWK4S9L,20,180
4,JYP5CXSBR1,4,180
7,37TOJY0BS9,10,360
2,H1CWH29S9X,15,360
3,5RFI9W4XT5,3,360
3,21HV3WVJSJ,9,360
1,13PSPV92F5,8,360
10,N8E0YJN52T,3,720
3,MCIBE5HJ3X,9,360
6,YPQNK42ZWU,14,720
8,7CP6BZMWZW,4,360
3,59QAF0EF5C,6,360
14,1O5S0KC6TF,18,360
14,V362X0Q9X6,7,180
7,8M1LEXZ4FQ,20,720
3,RHRYI6WBY7,7,360
4,CNKN1HD44O,4,360
9,MBDN0NINCM,19,360
7,8FBAXU4D64,10,180
14,CSQ6R242S6,20,180
3,3CDG5DT1HY,21,720
12,NE9WDY26A2,5,360
8,WKDRWMTT8T,10,180
5,VHJ5032MWH,9,180
12,P523S6V4GY,21,720
15,ZUJ4TI2WWD,17,360
7,7GU3PNEPR7,21,720
9,61D1CQ6W6N,9,360
5,V5FMCRS0II,10,360
5,F1NZFB7V1Q,12,360
7,0LYOALK2DR,4,720
15,JVZE0IJUB9,21,360
12,MFIFK72GDW,17,360
14,541M1P5SBU,7,720
14,CO2V9IJ8J1,10,180
13,BA2J8H72ZS,21,180
12,51XL8O0P1W,7,720
2,6K5NL9QFP4,15,180
6,X06G3EXFFC,5,720
6,AK0V4Y60O3,14,180
13,5ZXO9KQ0QE,21,360
10,T2YX4ELNLX,1,360
15,OKMTRREXPS,3,720
15,WXO3U2XV5Z,14,360
8,IHP4K7P7VP,13,360
3,261CSX463M,11,360
6,TNZL2C6SR0,8,180
12,I1OO49I6HL,16,180
13,ZQRFPX6CLW,15,180
1,89I68MU72L,3,180
12,D9WXU6GWIH,14,180
7,R29T5QQVMV,8,360
2,3JJCV4JX3V,7,720
8,B08TQXGI1P,16,180
14,MWNNRVRHAC,21,360
11,X8JOVIWN4J,21,360
9,4ZWKOPA400,1,360
11,80IN3T3TGK,18,360
1,VVJP8Y5UF9,18,720
14,OWEWHEJG2F,2,360
3,8UX14RQ21I,6,720
10,YQK2E1KG8R,14,180
4,LL5CLG72MR,17,360
13,0240HU5B5T,14,720
11,0V1K5EC79P,9,360
14,8ABDX06VRI,20,180
6,59FPL53M3D,6,180
15,RPW2J1RHBY,6,180
4,2NEQO8TRAT,6,180
10,1S1LT1QWQA,20,720
2,2I5EYEUY4H,19,720
4,8PIYWM6MDT,9,180
10,9EBX8T89FJ,11,720
6,1PAX9O1VL1,18,360
12,QO2GELYOII,16,720
9,W73H619MJU,17,360
1,ZJJ8JY4X7P,9,360
13,AW2KBW6FVZ,14,720
4,GGO6JDME5Q,5,360
7,MQ3XSM06CC,15,360
2,LM7NHSLEM3,14,180
7,AWU8WZZY3Z,2,360
11,5NZRIVKIKC,2,180
9,4ILB1L1UA0,6,360
9,86WEAVUP52,5,180
6,RJOX875VLZ,13,360
2,G78U3FHU7X,7,180
1,WMZPCZI1RB,1,720
2,MUQ3K6004U,14,180
6,SFNQMUIYOP,20,360
5,PKCBT7DT7W,20,720
4,B2EJ21V3TA,2,360
1,HHF4FQUAOL,5,720
11,WMG5HYDJQA,5,180
1,04ASHD3G6V,10,360
12,CEKFEYGCK9,21,180
10,EEDEVGNLG6,2,180
1,IJI60MK0W5,8,720
7,OFSVLDWV0F,20,180
2,RATKTH05M5,20,720
1,NK96IC0Q7I,13,720
7,TLZ9O1KMYZ,2,720
10,TSU6CZWUNQ,14,720
12,DXNO82P0X5,5,360
12,JZCVT2QOAY,2,180
10,FC77X3Z86S,18,720
4,ROEO0A4QSU,14,360
1,MASJIKOBYE,16,720
5,AE0RMP4YTN,1,360
4,59GARLIMZG,11,180
4,8XJPVKLQUK,13,180
4,BGLK18KHEZ,7,180
14,MHBFDA2GMR,1,360
7,IAU4NKQYB8,9,720
11,F2PTKPYZW3,3,720
15,VS2ZY5B6FU,8,720
15,OAGTLHZ0CS,21,360
10,O5UO1W4VKX,16,180
7,DUQBL8B1B5,11,360
10,HQ77GF8EQR,21,180
14,OBBN665U5L,18,180
10,Y7HN8U27DE,2,360
12,A9N12P7RJ2,4,180
6,1ALZMWWQJ3,3,720
7,C9VS42QM24,11,180
15,V1VD0VL6RO,12,180
1,ED90E69RF9,14,360
7,FWLOBWN2KS,19,360
11,C1D6M1C0ZI,17,180
2,RRY9PC5NAZ,15,360
1,D651PN6JQM,3,180
5,79D45MTD6Z,10,360
6,HT3M2E1P2E,21,180
11,KOG1PZTYNN,1,720
15,WTJ2UMNH5X,21,180
12,2PQ4IY3Q6V,17,720
11,YD0SX7MVHO,9,720
7,3GG89H39BV,5,720
11,D187H8EUDN,8,180
5,S5J3V5UXQS,13,180
13,VVT55GJCFZ,11,720
12,MVC2QFPVMF,7,720
13,2XCAYJQRX9,7,180
9,NEXLE9K2E5,5,720
8,41BNQ82W4N,2,720
10,6MVFE0PZ61,14,360
5,KRGGEEKC89,13,720
13,IRHB52QHAQ,6,720
12,RXAFNPEFK6,13,180
13,4IWCBAWAK0,20,180
2,OC6HIH8PLR,15,720
7,E55FBKDLE8,4,720
7,WAT6UR02WV,8,180
7,0LAWR612ZW,10,360
14,QPGVS9IQN2,8,720
11,86QPDZ6UI3,10,360
13,KID23I9ABY,6,180
9,P5J00FME6B,17,360
13,90UA14HGJO,21,360
9,IEAJDM3T5I,13,180
8,UW7468UD8S,17,720
10,66FL1KTBLX,5,720
6,7R92WJQK73,4,180
7,M9H5QSOTYD,1,720
3,5JKNJD1EGT,17,180
14,E33RT5KC9W,14,720
15,VPTBUI2C3S,7,720
6,121XVCQL3J,19,180
14,URV5G0ZRJY,2,720
11,VQDFS8R2I5,4,720
2,3REIXTL09P,13,180
2,XKCKE2KHUR,21,720
12,41HALCWYM1,1,360
14,19NTBKRXUQ,17,360
13,SV3HVUVGOL,8,720
12,58CVGFZGXN,12,720
15,6JEIRH5UF3,17,180
3,JV3KU6HD0G,13,720
3,VYQTOKC6ZV,10,360
13,MA56PW72TN,5,180
11,AUBG29WDQB,1,360
5,X4OJJR0OJS,11,180
1,SINI6GAI0J,20,360
3,CPNKT13XZN,16,180
8,S4K9MCVM3F,9,180
2,RU2IZYM9T5,4,720
10,UEWMV7O8O5,1,180
12,T35OKZ49MJ,9,180
15,UVWJKYHOH7,18,360
10,SZ5IRIK3H2,2,180
9,OBCXNIE393,11,720
1,8GRTS8TSA3,6,360
2,E0DQOMQM18,20,180
7,MP3N9REJJS,20,720
4,OX9UN09IOF,16,720
12,E3H9W9O0KL,15,360
7,W9STGD4F4R,16,360
4,U44JYTAQ9T,3,720
5,QH0BFGXAO0,8,360
15,9VYBHYBCQQ,14,720
11,GUB2Z6WSP2,17,360
12,PLA9OQJUND,17,720
4,I81ZYBCCRZ,11,360
5,Q5LH5OWEVR,12,720
15,GIF46MO9YM,8,360
11,3RNB5F2K7U,4,180
2,2CSMV49NZN,7,360
4,0483VTHDP6,6,720
5,R8IAQK46P9,18,720
13,SZREWE7LH5,4,180
6,SMURG2PBS2,1,360
15,H1PRME2NER,4,180
1,IBL3FRH65T,19,180
1,O5X3F0NIED,15,720
7,LI3IAJ1TC1,21,180
10,9MGI8FGTUV,15,180
3,GZQUPTXA8B,3,720
12,3P65FAAFLV,18,720
12,CKIY44SXY2,3,180
7,83CGTO7XFI,21,720
9,HX2VPV4P4C,16,360
3,ZWU4R9A0HV,5,180
1,CP1N0PYLNX,2,360
3,J9TLO66598,9,360
9,KYZWCGMVWZ,13,360
11,PVPMUHSON2,3,720
9,B0JOK19ZLB,13,360
6,WXLK1UM95K,20,360
13,EDVS3BTVZS,1,180
3,HBKM2G8KIP,20,360
8,LUU55RTO6K,17,180
14,ZAFBL4J3BM,21,360
4,XB9CT0IEPZ,10,180
3,KEYC0X764Q,15,180
12,KLW621HURH,14,360
9,CEQMMZ23PP,1,720
2,L744EZCYRD,18,180
3,IGEGYN0IT4,3,720
5,LEWYYLM7YT,17,720
5,F31K78897W,1,180
12,QG31222N9B,7,720
13,3C9MRZHBOR,16,360
15,L08CUG7060,12,720
15,EN6NEBTALU,2,720
15,8AZ79P6DWH,9,180
6,ST8CEZQGDR,4,180
10,E4SFV9LVW8,7,180
10,AAJU6TJ1MR,16,720
14,IUD9HQM6Z3,19,180
8,F6CM0VM6QC,20,720
2,9UTFWNZ0UR,11,720
2,FIPEJFRVRF,15,360
1,DE9TPXMIQD,6,360
1,IP7STYS0MD,9,360
4,KCW1PB0NII,10,360
5,VF20JJBFBT,4,180
14,7J5ZUOF5HU,13,360
14,T9CQ3FQ28X,4,180
3,1QACZKCR4Z,4,360
15,7TACWC3QAM,13,720
1,DKD92BH2P5,18,720
11,T6PGO2VKKI,20,720
3,WQJMRNBQZ7,21,720
4,YWEI7CIKCF,16,180
10,UECP0ZXXP5,18,720
6,X7OI2PYFMZ,17,720
13,UMLMYQH3VA,5,360
1,7OQUJ8IO8D,15,360
4,RQOPUD94LO,17,360
13,U4ZWD4XGNP,3,360
9,016VNXP2BP,3,180
7,HCJ8YDGZD3,15,180
14,DBTP5S8UBO,11,180
12,7MEFIVW86H,8,180
3,QUZ49KYVB8,2,360
8,9HGBHTNFIL,12,360
6,YIPSX3O91I,3,720
14,RM4NN8YGMR,20,360
15,5OWTYWRCJ2,5,180
3,WNSHLS0GKE,2,360
15,IKMJRXPX9Z,16,720
13,EGLUPNARFU,11,360
8,D0S3OGANNO,1,360
11,3JSFNRH93H,5,360
15,FWE0UWXS9D,16,720
4,0VL56KCNZZ,4,180
11,278HFCW3KY,21,360
7,5JU1UDQROH,3,180
11,0T70E18RY6,8,180
9,FK44785DL4,11,720
13,TP9WI7LM1L,14,180
2,UTT4T2TD90,6,720
9,C5GV3BWHZI,15,360
14,BF2FIDJWXW,12,720
7,W3NP02CS2O,12,360
1,UYSJU65VMD,2,180
15,U98YZXTUX9,4,180
3,DHCGZ6LD6V,2,360
8,AB0OFFIMYP,2,360
2,VBDA1V5254,10,360
7,CBJRUONKEU,8,180
8,NE8ONXWBDN,7,360
15,4ZACSRG4ZJ,18,720
7,MNVM80PGOG,20,360
15,6100YHVZMU,17,180
15,UHAJ7442VF,3,360
6,QQ9BHL8DES,21,720
10,39X6ONF0ZS,17,180
14,QYLAD6X5Y3,18,360
1,K4E0EWOWYH,19,720
9,GTZ8IB94DP,11,720
5,JG8JU2ZJFT,2,180
2,AOE81809UE,11,360
2,SJQBU0J3VH,15,720
6,V07NNGMIIW,7,360
12,7CHMLSD0DS,11,180
3,X1T5ZASWDJ,6,360
1,JSDT5ZHNYX,10,360
13,OVR134BWN8,10,360
2,B1AUSGH0QK,11,360
14,ZAV05T48NT,2,720
12,12QTL6VQJA,5,360
9,VCEP39NYR1,1,720
3,3YB2N7T9P9,13,360
9,RONLMWT4XY,20,720
9,22XQMX7EQ5,9,720
3,5P8BPW2857,6,360
3,MU461ELZ6S,18,360
15,5F8HKZULSD,14,180
3,EMLC7MBORM,20,180
1,908WV7KYLL,8,180
4,Z5714H8H26,18,360
15,EP8R0I4NHM,17,180
9,5XR4EZP502,18,360
11,5U17DCHJ8Q,4,180
9,PJ59YY2Y8D,21,180
9,JIN3G7MJB6,14,360
15,EGWM1S6D05,5,360
13,7O26ABDZT5,11,360
9,H5TN9PTT33,14,180
1,8ZAMKDFIME,20,360
2,12Y87XE2HI,4,720
2,KYPPYONVM4,16,720
15,DPLYSJQ7WG,2,720
11,RR3UIB9KUV,17,360
13,XGIQ40WPIB,1,180
3,4EGPZT1CHT,6,180
13,WVL79MDDOS,5,360
11,MOWRY380AZ,7,360
15,EUSLTG1SS0,12,180
8,V1K20F1U3G,3,360
15,A8ZAQ51VDZ,9,360
6,DGON0LBEF2,17,180
2,FKI3XG7Y8O,19,180
4,U8OXME21E3,17,360
2,TAAQ9FZN2E,7,720
13,CCOC8RPPR8,18,180
6,AFNW8K8PAE,11,180
4,JLEUVVLO2C,13,180
10,KSDCRX8T0V,18,360
13,9QBB23MW7N,7,720
1,FU5Y1I28A8,21,180
3,BHCOLAQ9WQ,15,180
1,SBTJ27LDM0,14,180
4,HHWHWCV02N,21,360
13,QO75D7261B,19,180
1,LJ0X3IPPKU,2,360
13,ATCMLS0Q2E,9,720
15,WW1CGH57CA,19,180
15,TD0TT33LFR,3,720
14,S5456SIMVF,11,720
12,O031RV22KX,10,720
15,NA4RHUZFKF,21,720
7,ISD74Z5YQH,16,180
6,QVMX2VTBAN,11,180
15,1S3T89LTTD,20,180
9,NBB3UNBG1X,7,180
3,8MT4QQKF7L,15,360
5,PCNZ0JDOIG,13,720
8,LF1N3LFRYZ,2,180
4,29EMXI7IHK,2,180
8,R3T7ATG956,9,180
7,UJFECJRURO,17,720
4,DVSSEDUP0F,12,720
9,E7UG5FJ946,13,360
11,YB6TPW3W30,1,720
6,IC0EVMH60N,1,180
13,OF5W67RKMJ,13,180
4,LL49CF5XL0,17,720
9,JB9IN7UMTB,4,720
1,MZH4YTSOJ7,15,180
11,R3WYUTXWV1,21,360
1,6NIXBUK7F5,18,360
4,W3K3P7KEXQ,19,360
9,JMM1GXZMZ0,16,180
11,J8PW4Q86PL,6,180
6,OY58J8QANT,12,720
12,1TGG51A17V,15,360
5,VANGAUFKB6,3,180
5,PVFOPACP83,2,720
2,7L82O6VA8I,14,720
11,IP2S6OOFT4,11,360
8,PPM72PXR5B,16,180
5,58URNMRFCU,9,720
12,Y789VDN97W,6,180
1,TVGD78WPDF,8,180
5,FEAYLIKYF1,13,180
7,THIJ96KQAK,4,180
8,HJUS5YYXYI,10,720
4,DSYQC4U2PA,8,360
10,74G4MTKXSQ,13,360
2,7KLVT0LLHX,14,360
13,73GEU8PNL4,19,180
6,4OGQTJ3W2W,15,720
12,OXDZFGZJZA,19,360
5,LRZA7QIW6V,4,360
8,HMHY3EW8XU,3,720
5,OE0R3SO78M,20,180
7,ZJNC2GTZ0K,18,360
6,8LCGA51U96,20,360
4,RNB24BHQT6,2,180
5,3E3J102T7O,1,720
4,MI1TYFXLPK,14,720
6,FS4H9ETVG2,5,720
2,MACLKPG7AC,18,720
2,C8VKKM8QNP,3,360
7,FPIVICHG3D,18,360
15,C4JZNH17BA,8,180
1,1RDEXN4BHE,10,180
13,8WMJXAD67O,16,360
10,8FB04BUI5A,8,360
2,KPZ728OYKP,17,180
10,TBPPK9OT90,12,720
8,FGDKMKSWDT,2,360
9,O0LC55N08Q,21,720
13,WDYCDYSXKT,9,360
12,LS62UHGIKW,10,180
6,KBAHWSBJV1,10,720
13,FU2MVRQTRZ,8,720
3,YPOL2UX6CE,17,180
13,UO98M8OS72,4,180
15,TJK9B0VNTX,16,180
2,9XEUOCTRIH,9,720
12,YBG1XRVA09,3,180
3,AQQHEIWNCJ,19,360
11,9VW9HAIGFD,8,720
10,DVE1J4YKQP,20,720
14,JD5IR0NJA0,3,360
3,7C54S2VZQ3,7,180
5,SSCGOX2QIW,3,360
2,YYX552BL1D,14,180
10,W270G8V7BO,10,360
5,J8EPO6KYQV,3,360
9,OPK3MR4TT2,9,360
8,NHJ8R4KOB6,6,180
8,9T62R3LMUU,8,360
10,9DR6LXRQ95,9,720
9,6P25ZQ6DHC,3,180
9,JCBBPPRJZB,17,360
12,XELNLVU9GL,12,360
11,JCKQX35EB6,9,180
8,IYB6D16NJY,9,360
3,2YKLP11YQ8,11,180
6,NZ6AI3899E,1,720
11,AVBRWBIEJA,2,720
2,B0JRPB1BCK,11,180
14,643U2V5YPB,18,180
12,Q83MXNQSC7,3,360
5,XB6W3U61G2,14,180
14,9SUBVMG1TB,3,720
10,VMD8GP1HCQ,17,360
12,ZRG7Q68T8X,14,180
4,16NBMG72QY,4,720
9,0GJA0YF1H5,20,180
15,926L19Z3D0,13,180
9,YVBZ7SDCIR,7,720
1,V7DZQ11JER,13,180
6,GXF3FFUWOO,2,180
14,VR7ASU0UK6,8,360
3,5WKJERXLJ7,4,720
2,Q1BP9Z1I8K,13,720
15,W8DD4WGZZZ,2,360
9,6KR9998BUJ,15,360
13,L3NZ7YMD45,2,360
11,OCM1PEZLFW,13,720
1,99GYKZF9DH,19,180
1,N8INFYT1ON,13,720
4,LUMZPJIU1E,4,720
10,QHJX8W179P,2,720
4,1A8KJQRPU7,5,180
11,PM87A68J3Z,2,180
9,2R35CEJDYU,20,360
10,8Y0IOEPLCH,6,720
1,Z8K2LU1SHM,12,720
9,GHBLE6V20P,16,720
15,U1S3RUK10G,21,720
1,GRPXB4HN3T,21,720
13,YT4I9SEAKC,6,180
3,Y1IZU9X76F,7,180
7,0QY5GK6M8N,2,180
4,5I7U7RG6G0,15,180
2,RJTU2MPRJL,11,360
15,CLF42EPE34,10,180
3,YEVQWCQOJA,19,720
3,CCWGRRUY19,14,180
5,WVGP8OH3O3,17,360
10,J3P1T1PHR5,17,720
15,MAKP25NAJ3,21,720
13,66T0D37FDI,3,180
9,ZWHU457Z50,5,360
4,WE26ITY31Y,4,180
4,X341JYPUZS,15,360
11,0RF0OKWWM9,21,360
10,1OSO2818B0,8,720
2,JP5PZJTA0E,8,180
13,TDKEHAXS3I,15,180
14,DQ5HR00S4B,16,360
5,1XY2FDLYQJ,19,720
12,SI0KBUQ8B2,11,180
1,3UP6GJ7097,21,180
7,ZCV3T309ZQ,14,180
14,WBFYND5UHN,5,720
2,C2MVQZFDGK,4,720
15,20A1QEUGBM,21,720
3,SEE1W2HCTC,11,360
8,T21IHT79BZ,10,360
14,CG210WBODI,14,360
9,056QR8B2VC,13,180
14,0DORW5YQF2,1,180
14,OWX3USAZUP,14,360
6,94P1G72J1A,16,180
9,MET9123Z9Q,12,720
13,5MR2CA1205,4,360
14,NAF6CPXFJA,13,360
1,ALLG8RR7TS,5,720
6,VV2ZHVW7TM,17,180
11,XQ4ATOOE2E,11,360
11,1LLASHNIIL,15,180
3,GPR4J4X9AR,15,180
8,PWGEJABE86,15,360
2,7NT90AQNLD,16,720
7,1EUUGUWKVT,14,720
8,O2N9G3EQVE,21,720
6,DDPOJ9X18V,11,360
12,FM472365FQ,11,720
1,HV7O7Q3D71,10,360
1,CWT671I5QB,9,720
10,6YDKLEW10U,15,360
3,Z64SP31AG4,15,720
14,0GFX00JZOY,7,720
12,7O2NATM2SG,10,360
7,QE1VEZO34I,1,720
8,O1Z6NRD1X0,17,360
1,L3WIFGK4QB,5,720
2,QFHYVUV3XG,9,360
15,3736EIQ412,2,720
6,O7F6OZRIGZ,21,360
6,AM1V2LQ7LG,12,720
3,N3JOJ0U8WW,18,180
9,3UFRCO88RQ,20,720
1,KT40SOS7Q1,5,360
11,4Q53Q3AI1Y,5,180
2,1QE95PGBXT,3,360
5,4DFQYZUGP6,20,720
2,CD2A6W9J73,16,720
5,QTVKQFJ64N,15,720
3,4YJJDHH0AN,18,180
4,YUH2X3GQLC,19,360
3,EFCHI3GIOE,2,180
2,3XKN6HTACQ,2,720
10,IIPYU3QMX2,12,720
13,GUL8975VLU,13,360
15,A5IEQN4BB7,10,720
2,MX15GYYJAS,21,360
11,3K7F44J7ST,10,180
15,NERMTW38F1,11,180
4,L94XOX6RON,7,720
5,3L8972D866,9,180
2,UPMGDNNJ8Z,18,180
5,BJ348M6307,15,180
8,4XWEPOGRGL,6,180
12,K9KFM4H96L,4,180
8,PHLVZ6LJL7,20,720
7,Y8GOBH60QQ,11,360
6,W4VIVRNNVV,18,180
14,GG7VEO1GBN,16,360
8,941Y7UTDBL,20,180
3,ERTTJLZ270,5,720
13,YRNEQF5FMT,19,360
9,XWVQLO1F5H,14,180
14,KW0YI2KWRS,7,180
8,B3ZT1EUMPS,14,720
7,793OJJR5QH,9,360
13,O8OGUWZC81,9,360
11,7XELXIPED6,20,360
7,9RCFBCRLBO,15,720
4,ADMT8R264Z,19,180
12,KDNCKDFN74,17,180
3,WXT9E6CCSR,20,720
1,T81K8590Z7,16,180
13,MYGQ06HU87,21,180
3,SFIS8MBEBR,7,720
11,8RGD3GL75N,3,360
8,SXIJC6Q9W1,4,360
1,ADS2HC3ZZD,18,720
13,NL740C5MPV,20,360
12,KKFL6QUH9R,7,360
15,JNDVKJ2NHR,11,360
14,KKWHVHYTFW,9,360
5,FSRB6RN2C3,10,360
9,0RDYBH1UJP,11,720
1,2KND9IGM2E,7,180
7,V2XZ9DPS18,16,720
10,GWQJB8XJYT,18,360
14,YY9DZ4GI37,7,720
3,R29X4JST9W,2,720
3,ECDVRDB2PY,3,360
1,ZM5S60AEVQ,5,360
3,2RSO15H61A,1,720
14,FUJOP9I0DD,20,720
9,X6KK61J7OA,13,720
9,MW83JM15QH,4,720
2,F5QK5K99C7,8,720
4,UNNTMAK9NS,16,720
5,GHA0FWPBCN,9,720
15,YPC1QUJLEZ,19,720
13,SB6LPE87DS,12,180
9,5R6QUZ271E,4,720
3,P2KB64DTF0,15,720
10,N8HK0HKJ6T,21,720
8,I0XXZAROLZ,20,360
13,HMH9S4P06D,18,360
13,85UWY2RS6T,11,720
11,8697UZ2JYK,1,180
2,Z9BJ25PKF1,10,360
5,AGZ999OUXW,11,360
4,Q0Z2RHOJCU,15,360
7,YZTLWFOZI3,21,360
8,S94E6TJE5Q,9,360
9,BHQ2E4VHP2,16,360
11,611XCVSZP7,18,360
12,5TQJ4X510J,2,180
8,EXUC4V90AR,6,180
2,6UY93N4RDO,17,180
9,6WC1WGAFIP,4,720
11,IXW32NL25R,21,180
15,IWGZSDUBTG,11,720
9,99IYI8TRKR,10,720
6,BAO2FPCSMF,2,180
12,99UQ2RO0J4,4,720
13,M372G898F8,15,720
10,3SS3CA2017,2,360
7,1F8WFD82I5,3,180
2,BWDJYM2433,1,720
1,WXCYS2D0BX,18,360
10,JGVJXC58PM,19,180
7,3CE7QQS5XP,19,180
6,GC514MH6X9,12,720
10,H4UVJ70Y3Y,15,720
12,NR6M01QBMO,1,360
9,M6GGUPVH7K,6,360
3,64IJGZ1VFX,4,720
7,JX36D087G0,17,360
5,7YL47NON2N,1,720
4,AGC8JRZ0T3,14,720
1,7X32Y8C3DD,19,360
12,S9HN95L1UM,18,360
11,JP6XM95KKY,6,180
1,G5W8BQ2ZWY,10,720
8,WE3OBYJUJO,19,180
9,KGK7V01Y7H,18,360
12,M46OFOQSO5,21,180
15,DTJA9RKO5W,8,720
5,PCN3XJNUEW,8,720
7,7ELYQ14CUF,1,360
11,S3XDBZU90O,9,720
1,DMLBIZQVRL,18,360
8,Y51RM9FU3W,21,360
11,I7I53G8KAX,16,720
15,QRC7JUHHR6,10,720
9,KQFMXNAPVP,1,360
2,7NS1N0LJ6J,20,180
15,VPFSI3GNBP,18,360
3,R4EVAT5JEQ,10,360
8,V0MSBDA6U5,11,180
13,2Z2J3YVFXH,15,360
6,KAYUDHDSTT,12,360
3,UVU9IHA9FT,8,360
9,TRCPJJ66MB,2,180
14,T2VVALTMFO,12,180
1,Z8OBB6PNZG,14,720
6,ECBH6KUQDA,19,360
7,NX5SC0L4ZL,14,360
9,AHVCP94PKF,18,360
2,GU1MZB8YN9,18,720
3,BV2SF96JLX,12,180
9,GFT6ZWUZ2Z,18,720
1,9NXSS4AINJ,5,180
3,VZS1PPRAXE,1,180
14,E1K8NOX3R3,5,180
11,XNJL7ECQGH,9,180
1,81QZG0L1OF,19,720
9,T5DMVIBAEG,8,720
10,AKO72BOT36,3,180
13,CO9BIQJWDO,13,180
13,38L02IJEB8,21,720
5,FTDT5JU30N,18,180
11,395PK9Q50N,4,720
12,YXARZ9TJ0C,10,720
1,NN86ZIN6YC,13,720
4,86KUJ14VIG,14,360
15,TELCX0KT93,13,360
12,ETTNR6DOPR,15,180
6,Z2QTY1PU57,7,720
14,5VRAQJAKOR,7,180
13,04D9Z4Q2X0,12,180
2,UYB68YYNPU,4,180
4,VNPL1X0A4N,3,360
6,NAGYWOMN5N,18,360
7,NI4MFORJVL,17,720
14,9KP9E80O15,12,180
4,EDOLN29ZPZ,20,360
7,A04ZONV43K,7,180
13,DSGIKBLYXP,16,720
10,IOJHLGQQA4,8,720
13,EBH6QCDBUC,14,360
10,YL6V2MVZD2,9,720
15,PCZUMRQPBH,21,180
12,I92X8NDHDD,18,360
6,S5O5IN4RHK,6,360
7,HVI2CLO4ED,14,720
12,H8J224FPOE,3,360
8,QZG0XX9DVS,20,720
11,DIK6P6LI1I,12,180
2,29H7HA0671,6,360
13,RY1RTIK9HI,7,180
14,3B9XSB0LRQ,10,180
14,70L9M6V0LE,21,720
12,PK9HTTG1D7,14,720
15,DDU8X7D55T,4,360
13,MPOZ9030YN,14,360
8,HD5O9CGRPW,19,180
11,225D7LTHFA,7,360
8,AHANMSHU1H,14,180
7,2L4G2BL6L7,10,360
6,PQQAD9VGR2,9,180
8,NNO23518BQ,8,360
2,9BXR2XM8Q3,7,180
2,NEIWEX3HJE,12,180
5,P0FD63HWCA,3,180
3,6T0K9G0QBI,14,720
9,2X1EAK7TPZ,18,360
2,F9DP2YLN8A,16,360
14,23D0382ZTK,13,180
4,VFLZ5EHXK7,18,720
13,0JLDTBHVI9,15,180
5,U8SOIEHVR7,20,180
11,ZWOWFQXKL8,19,360
8,N4DXY1F1RK,2,720
5,HURSG6AWKG,17,360
3,67FRTZMDJ7,11,180
13,R19E9LM3JU,18,360
13,Y18KGLQBWF,4,180
11,UZUZ5RDBG5,3,720
5,7UCV18M1P3,18,720
2,JD0YKS3FZK,6,180
11,A1AOQ815WT,10,180
11,Q5MCSEOJH2,2,720
5,HKKPQ4B1EO,3,720
15,F10K783S2G,7,720
9,HS9HWMUMMM,19,180
3,F4DHQIKVLQ,9,720
7,163HX1XY2M,11,720
12,LI5KWHDAUJ,19,720
2,JIF15311L3,13,360
5,U2KVCM9D9G,9,720
9,OJ8ZTRG5DH,11,360
15,5R82Z0N7NW,5,360
3,KB1BOY7VSX,10,180
8,VKNNYSDPUZ,2,360
4,XM00INGG5S,1,180
8,B2WYI25QPW,9,180
13,H4WP7DU6P1,1,360
5,U1UBJDRSVR,6,720
12,8QVTP8D5KD,7,360
10,G7K174PIGI,5,360
13,787RKNTL26,8,360
5,TPST66NYA9,14,360
6,BRJNIZA1XK,8,180
1,ZL3ZDPCLQV,17,720
11,VL94GAMJLM,17,180
6,KJEV6ITT81,21,720
6,KHTFHPM8RZ,10,180
14,3OOPR0TQYH,4,180
10,LTQ85AC4P5,6,180
12,BQ4QPX1CFU,10,720
13,E9FLAUSB1U,6,360
9,9P4MBZLDO6,10,180
9,V7JJOWPDVB,10,720
8,LK7FU2DVSK,1,720
13,VVBE13MRXT,10,720
4,0AIAKZ0HAC,14,180
1,X1ARJLOUZ8,3,720
13,08V0W211EX,2,180
9,L571OG7GCM,16,360
5,N2SK5E12IV,19,180
6,028WRJPDT7,7,360
11,ZQ8KE3S8NT,8,180
13,BGUOOCAHFN,8,720
1,V3YMIVS9PR,21,180
8,L2ZJP4W8HX,9,360
8,JWNLFIQCMH,20,360
1,P9K67N98QJ,3,180
9,H4Y90TWDZT,5,180
14,GOP4PJ0UMC,1,360
3,QF5TJGZT81,5,720
8,6A6MGT556B,3,180
11,O2WG12KVV8,16,360
6,BQ0LXMW4OW,21,360
6,HUO5V1OH5B,6,360
11,08GGOEOYI8,6,720
4,YOR9Q0FB85,14,360
15,G8PFZM1GET,1,720
14,434ABOBJTU,11,180
8,GTOUOIM78X,20,720
12,A8IZI104KO,9,180
1,YK9IOD5706,7,360
1,F8YIYI0LO6,9,180
8,9VXKIO29QE,14,360
10,PR8T5LQCC3,3,180
14,7G1VYPNOJ0,18,720
14,IXZ4358F6R,6,180
9,BN9T60ZBB2,16,360
4,LMSK8NTSC0,4,360
1,LO3FYIMIB0,1,360
12,N1G5LM90SM,4,180
15,MTV0EH3C81,1,720
14,8A94F7KUOV,19,360
15,WTO0GUQPXG,15,720
9,96LIJESXWO,14,720
15,MK1GKYJF6C,14,180
14,H2KFVVJS50,12,360
12,Z188OJB1F1,16,360
13,JKPKOFCZS9,7,180
10,6UZKX8P54S,13,720
10,W97ARL3V5Z,5,360
5,RKWN5XI2OJ,10,180
6,NSS3AMIXCW,12,180
2,4H34HMKS64,5,180
7,BLI37TDACV,12,360
2,K62VT55OII,16,720
1,XL1YE44JHE,6,720
2,E06IWFKJ2W,5,360
4,EY4R38BEZT,15,360
5,0OJ01ZFRTH,11,360
3,98YFA5MGS7,15,360
12,0UNYOMS9K5,19,720
6,EOJ3TZVGC9,3,720
15,2UV15YLSJI,10,180
4,OHK966X39K,2,180
14,XTSFYDGJDT,19,720
2,Z3UCGBSP80,12,180
14,9P1YPLF86G,9,720
15,SI5MZ2J5CG,9,180
4,OAK8ZRK8MR,9,180
7,5LT2LNHF1N,21,720
12,WUCQV1AFRT,21,360
1,QT52KVBDAW,12,180
1,JQD9FCS9A7,18,720
10,D4CXGY5MFZ,10,720
15,IFXQ9LBLTV,11,360
13,Q7ZOKQFT8Q,9,180
9,9FSQS0XDOB,20,360
3,921Q1QJNEL,6,360
10,LQW942MAFD,20,720
14,5EZJOUWKJK,9,360
3,YH2D1HTMTW,15,180
14,7Q5JY0XSG7,11,360
12,VYRZZ10EYN,19,360
10,GG36QQF2A1,7,720
13,QH9UMXL1CM,14,360
2,LK41LP6JFW,19,720
7,ATU8BMUWNC,18,360
8,3QJ48EQ116,7,720
5,RAZVE21IWE,9,360
1,8QF7O70SOO,11,180
11,EBGU9I6ZTC,13,360
5,G9SEFBTGXY,5,720
8,7GA11OIQNK,16,360
8,I0WQJ3FFQH,15,720
10,DBP86YKRAS,10,360
9,DLDZ72RK81,8,180
6,OOVLNM4A6F,11,720
15,ZFJH9EORGC,21,360
4,YG80JUR3GM,18,180
1,IG6BRP8KRD,14,720
5,L9ZCEUWKW4,19,720
1,P1OE420V0M,11,180
10,QNVSTJZI6N,17,720
6,N6MCFTP3H5,10,360
9,ULX3ZUMKOW,2,720
3,K0HQ66GCPK,12,180
7,ILG0XHD9R4,18,180
1,DU9WJRDL01,2,360
10,W4DOV9OE98,6,360
1,A2VJL4Z73Z,12,720
13,NAX6S2QQV5,13,180
5,9DEDUFRKA8,9,180
15,97WD22O56Z,11,720
3,UZ8W8YZYDW,6,720
4,KD29939X4Q,10,180
1,VJLO2175IA,7,720
13,DYRCDVQTAC,6,360
10,R5JAFGYI4B,15,180
8,XN8SRGRX3N,17,720
15,SK90XN1AI6,20,720
10,LS5F614Z7D,6,180
7,DH6H6NB00H,1,720
10,XA52ARL8UX,17,360
8,6V5O4PGUZB,12,720
10,765WN37TFN,1,180
15,UZPJL7NT8X,21,720
11,PVMHBSSY0A,1,720
4,YOUWWIMTVZ,14,720
11,RBKLD42BLK,2,180
6,5EXNUQ1M1N,9,360
11,HQQMCU4IF8,1,360
14,JNZ2QRLSPE,12,720
5,NEGVF1OOSN,13,360
11,6ZGNF4DBBP,12,360
6,6706HG8FB0,16,720
4,7XB75YE1BK,17,180
3,OQ4EC22JEW,14,720
11,BFLF4IFPK3,1,360
3,AS6C8CPZL1,6,720
9,Y6C5HW92MC,12,720
15,1UGH97MBWP,17,360
8,0BTBBW2RKQ,4,720
5,1J800A5G5Y,15,720
15,58UGG9UL86,16,720
6,BYYPUFPWJP,2,720
4,X8NG9WRGEU,10,180
9,2XD0U1PQNK,21,180
11,I6V4AJ7ZRG,7,360
15,9JIQMH5E0Y,17,720
4,T03BMGPTTD,11,360
5,2VNLRXXE55,1,360
3,INAW3Z6Y88,12,360
13,VGM7KGGVNN,13,360
5,Y6NEN00GI0,16,720
9,O4NU2A9HDE,6,360
9,H2PPUIJHYB,14,360
1,H0B3H1FC7W,9,180
11,NENCXCTOWS,1,360
8,332RRFWW6T,14,360
15,333PBFBVFD,6,720
6,JS0SIL3E93,4,360
13,VQA3OOLKMU,2,360
11,RUVFOX5ZFP,2,180
10,XTRLV6G5UR,9,720
8,4AAY5QGQ07,5,720
15,UMNTLZ0JTZ,7,720
7,1JFG756P84,13,360
12,X971UCEB0E,21,720
2,8MTNFFUCO3,8,720
11,6NYAM0KNMY,19,360
8,LJPXHVPS27,3,360
8,COH0EQ3ND9,15,360
4,UZLFH251C6,7,180
8,QI510OK393,3,180
10,NKCIINZKOB,5,180
13,UMG8G6OALQ,16,180
14,ED15Q4TK5T,7,360
5,DWVJ7R85MK,19,180
3,N2C1OC9WU2,13,180
12,SQ01EYRRUX,13,180
9,QNP50B44Y2,9,720
14,AZTEE59UI1,17,180
9,AGPNLA10V4,16,180
5,8K8DXPT5RC,4,180
1,PTAJV09H32,20,360
15,BS3ES987OR,2,180
10,NJ5IIQAOG2,8,720
15,5WE3KXUFXS,3,180
1,5BGK94KIF7,17,180
6,YHNGKLYBAG,8,360
13,CC01133FSZ,11,360
10,MA0JIB6QTN,17,720
12,0LH99D8KJR,3,720
6,5QD108VMV6,8,360
14,LQRWNP82ZW,1,720
12,QMYH77ME3W,11,180
4,UV2KNKPS89,10,180
7,X0KQ7A5F2J,14,720
2,0BA9BD3WZ8,8,360
9,LJ7HHZC7D2,15,720
8,SP5LKR6X7O,19,360
1,LB74QWM8ZV,17,360
11,CHIRCX8OIO,15,360
6,BR6VM3JB5X,12,360
10,WAKV2DQQGW,6,180
1,B67LWMFR2C,16,360
12,RMEGEN134J,10,180
2,Q5CEPDZFDC,2,180
3,4O2VBMC0DD,17,360
12,SMUQ82BS89,7,360
12,54IEVNULS7,18,180
9,BY8J1VOETD,7,180
4,3GZQHZF3OF,6,360
4,3V6XYPSOJ8,17,180
1,E80EE52OVT,16,360
7,LIOULFSC00,6,720
6,869XMW0HFX,3,360
1,LXI8D58SO3,8,180
15,6QSYF389VC,12,360
6,78QPOSZ09T,3,180
3,7HR9OGHCZT,6,720
1,39MUUJSE96,7,720
15,JGXZVYFYSS,18,180
14,O5BBTVMAT9,9,720
3,5DKJGNJT1L,13,720
15,6TMPJTFZEQ,19,180
12,1RDII43DZ4,7,720
13,XF3MF4NYBA,17,720
9,U8CCZEH9YK,21,180
12,QJCBR07KFD,6,180
1,3KMTKPOH6V,19,180
4,PAMOCS6BCM,15,180
12,0JUBK1FWZW,21,360
6,RUQX06BSDU,20,360
4,ZU4TL1S6XA,18,720
4,53YWABTBY0,4,180
4,ZQEGI3KG0I,5,180
11,LOWGVLVCU1,6,180
14,HCE55LMUJW,14,360
8,KYI1BDIJ0Q,15,180
5,ZIMX4SHOQ9,16,360
15,O4D4GMUI3W,17,180
1,M8V6KYHB3G,8,180
1,YTYVIQD123,9,360
9,QHPKMFX3PW,4,180
2,RQBGOLJCER,10,180
9,86SSWUSWX2,20,720
10,IP7IHCCQBK,4,360
11,PN7KAD90Y3,17,360
1,RZ5J5T86C0,7,180
13,ZYWPT9X1X1,17,720
9,51M63D5A5I,3,180
6,26068HUOTW,6,180
3,B9B9ZW9NNI,9,180
2,OVYA3JHWR8,13,360
15,MJLYD83FE0,18,720
6,7M8EUC4DOT,17,360
14,TB31D86ZUX,19,180
5,A25SVHHSPA,1,180
6,VG1TC5W0JK,17,360
4,53ATMALRNM,21,360
11,76DA8C0N1D,18,720
9,HBZRDPNZL9,10,180
3,NDYDITCL5C,7,180
11,310S5QIYCC,7,720
11,1YER424P6E,1,180
11,XU9CR34Z48,7,180
11,PIB3OR3MLY,4,360
12,2H0Y7FR1ZE,16,180
3,CHLHQAFBD9,3,180
1,CUK4QAF7VM,9,360
3,KJHX1LEH7C,15,360
8,ESTJXLFS33,1,360
7,YT3QM2745D,13,720
2,WYXXVS0GEV,12,720
7,UBIFO5VQZL,2,720
2,LM1DAJC7XR,17,360
12,1IJ4EAY6P4,14,720
3,YB515TXD44,6,360
1,AZ3A7JF5JF,1,720
7,U9GHH2GKPI,14,720
7,S1BYKSQPB4,19,360
15,JK1Q9REVEK,12,360
7,OMYSQZZPL4,21,360
2,K2D7AS3J8S,2,180
10,LD7G3SCREF,13,180
5,PRXHX8LNQG,1,180
9,6K9FN7SNEI,6,720
14,1PUE5JIJZV,11,360
9,D5UWI4IIDK,18,720
9,PMZV00G68S,12,360
11,D77V3U8DYF,17,720
13,69G20BRWCI,13,720
7,PWEWHCU3V9,18,720
2,4A7XAC1ZHL,15,180
10,CPNGSUELC0,7,720
10,U7JAUAUY9A,3,180
2,TZXHDSKH21,3,180
15,0ZNXUNXOU5,1,180
6,QABPF5KOG9,20,360
14,MUX46SS3GH,5,720
14,7C61Z9LWXQ,15,360
12,3R6R6JP108,5,180
2,SQMY53YLV1,13,180
10,37XNTEST3F,19,360
6,76DUO1LO4G,17,180
4,X44YWXM35T,12,180
6,9MUXO3P9YG,10,180
13,OC5LKIGBSM,19,720
4,1XIKBHB5MU,16,360
15,S64R4RWCAS,7,360
6,B343NGPTJP,18,360
7,JUSP7LPKU5,4,180
15,NL6DU8ACBJ,13,720
1,F6RC0Q05UU,17,180
13,JKRBIXTX2M,10,180
9,57CWQ6IQIP,12,180
11,KEVAYN09S7,19,720
12,DYRJF1T3FM,3,360
3,3U49Z3G4QN,16,180
11,0L1UEFLTTC,8,180
14,JQC3K7ZB0A,13,360
3,97NSIYHT4B,13,720
15,UVRDEZCON5,14,180
2,8SE8CF5R8K,10,180
12,OSM2V9CDBB,12,180
9,IDD3PGDLD0,7,180
4,D563FRU3G2,19,360
7,3SMGH0F378,20,360
4,5JP4YCHL8Q,21,360
8,3BI8LXC97D,5,720
9,ANJS8YIXE0,19,360
13,0H5V44DDQD,6,720
14,9VOF4MPBWO,1,180
14,MXYEL38DLC,17,720
1,C808WK3RQV,14,720
8,CF6F4YE4IJ,10,180
5,X1X6ZP0O65,18,720
13,9Z8PE5WOVR,10,720
8,YJRXJMSQ1I,1,720
15,IX8AGT8P29,12,360
10,INXGHVL712,8,360
2,E7T6PX7XIX,9,360
12,X3EE3X0WO7,12,360
7,41V3JBRMML,20,180
14,KAUQO6TMJR,7,180
12,Q6YQKC3UPX,3,180
15,HBZGU028C6,8,180
3,7I5DEVF1UN,18,360
8,CQ24WWD68S,17,360
9,DEKAISIFFL,13,180
6,KJ8C8X1WSQ,5,180
11,PK28Q45MO5,21,720
15,8ZBBG9P2CH,4,180
13,DOK44F2C0X,10,720
13,L9X4NQMNC8,21,360
11,OCWV851219,19,720
7,5R2ULQB06J,6,180
5,4S0SJZKO8M,14,360
4,PX43CL7R2B,5,360
4,NJYJ7G4KBB,16,720
15,15W6A9TSUR,16,720
12,KFH5KKVH8Q,17,360
8,ZUK16MOTRE,18,720
5,8VR2V8A70O,6,360
3,E8DOA7CVKB,4,180
14,05XF1WVFKJ,13,180
9,M9VC91RAJT,4,360
9,D65UFWKF6M,12,180
12,VKXQHNSL8W,6,180
1,9DF7PFSK0D,14,180
12,588OKZRUED,7,360
3,0ZK4QD4T0R,11,360
3,UFKHVFLG7V,8,360
1,4QCOI1RLG4,16,180
11,PD44W8U0YU,2,180
8,C29LJUVRU9,9,360
5,VQI5BROLBL,21,720
15,C1WPLTX5HW,10,720
3,VNG8CR3345,16,720
6,NI1EU4Q16V,12,360
12,QU4FF77AGM,12,720
13,DGHSNPN69Z,14,180
3,TLLJ0I1JW1,13,720
4,JUM8HTJ4CX,17,720
14,LKSFGSJL0E,20,720
7,ZCAMZ46L11,16,360
12,XD6LYTTTPJ,9,180
12,IZ3HKMJK7W,16,360
13,CTVBSOSWW3,3,180
4,HKOL89XHEL,21,720
8,XF5X8ZVGLU,2,360
1,UUI2DDUY77,8,720
9,OJ5L8I2YKF,10,360
10,WDOTXUHJ9E,16,180
3,Q3E7K7NFI0,5,720
12,K05DJLIF35,6,180
13,LXUQJHK1Y5,10,180
13,8PNDSAKNE0,7,720
15,8UKUHZUEHP,6,180
10,2UNPWXU1OR,21,360
12,G3T6WD5OXC,21,360
12,2RAC5BW325,6,720
9,ZC7I6HXQIJ,17,180
13,I6ULTGFJSW,6,720
14,ZLA9PQA295,2,360
3,K8RKW5Z2J9,19,180
3,6B9Q4OD7AQ,6,180
4,BL85ZKU4ZO,9,180
9,9Y9RYF1M4W,3,720
7,Q8Y8X3X12E,17,180
12,V5XGGL5EKT,17,360
10,MCN517FG8D,11,180
7,ZJKBDOZ8IB,6,180
13,OG4SCTDFX4,5,180
2,J0K2Z5FDKT,1,360
10,K8AYUO4MTN,2,720
13,V2P10L214W,7,720
3,LPXMWV2PVJ,10,360
5,SBBAVZM54B,21,360
7,6YD39SEFTJ,14,360
11,6GG2DX3LT8,6,180
4,30J61H0O64,10,720
2,8ENOQ5CQ06,13,360
9,IYSAL85U8F,18,720
5,ECN87IS2F2,21,360
2,P4NNK3HLQJ,8,720
9,NK6GI4CDEM,16,360
10,XUCO23VKEE,11,360
13,WV2DXCYJR5,6,360
13,1KP78AYUE7,6,360
7,NPRXTMY60I,2,360
6,YAZ8EXUMST,17,180
3,2XRMLAHOID,19,180
10,HD1TMA5QXV,15,360
9,RGYDVDF8VW,1,720
4,Z27BI8EV0O,9,180
6,NTQ01O1377,13,180
8,DEGTF69PT0,13,720
12,0P6XCTYUVM,13,180
5,9FYYE6U8DR,5,180
14,5AQ8J31MO2,9,360
3,I990WMAHIR,13,720
5,FTDWJMPPNY,14,360
5,ZSD1HFKCVN,4,360
8,IEV0TZOF6R,12,360
5,FJ2BXTCP4T,5,360
7,M7J7540SE9,3,180
12,OUM9OQ8AB4,2,720
3,KETREKPC8F,11,360
10,MTUA740GU5,18,360
1,8T6QU8DG3Y,14,180
6,CBGU2GDSD1,6,180
4,5LZ6QMBHVO,7,180
3,ZE83TG7ZSS,12,180
5,NP0PLRYUEL,1,180
9,FGZL2WGAK9,19,180
7,FOYNB2KY7H,14,180
14,SQQYWJCC1W,20,720
13,FSYQKI3PFH,14,360
4,2M6GWD68SI,18,360
11,QYAJF3CSVJ,10,360
2,B7GF1UDWFM,10,360
3,Z5EH3GDDUZ,3,720
4,XGQJMKPPEG,14,720
12,UC7LUIDD6I,18,360
9,CIA2BP3475,19,360
9,2Z4IV18NSC,3,360
13,SMAC99WY6T,14,360
2,K1B799ZAW4,21,720
11,LKTEANUSW4,15,180
7,OZPSSOVU0Y,20,360
13,NBD0JJNT0K,6,360
11,F9FTU7CR6B,9,180
14,Q041DBPVYE,20,360
12,4RCK3MHXBP,4,180
13,TGGWYKZMX1,10,180
2,J63HG2KD42,5,720
8,OM5LXTPJN0,21,720
14,XIFXBOTYS3,5,720
6,CB9ABGZ62S,15,360
7,0N0DDFTYAJ,12,720
9,4N0SN5ZIA2,10,720
13,SBXWT18DE5,6,360
12,3ZYCJT8G0F,3,360
3,066XXRD917,2,360
9,K7P8QTEAC5,6,180
1,CIE2YZ3PQU,2,360
11,6ULUD1XM0H,13,360
7,BINH1L8FWN,3,180
3,AM7SEVJNRK,5,720
10,40SQE7EFAI,2,180
1,XU27CMOPA1,19,720
14,SU83PEZ21F,13,720
12,RRWRF7ML85,13,360
13,LVRHR02U4L,9,720
2,XQ0M10FEHD,20,720
6,LSJQ2RVG3W,4,180
11,H2MLWAO36P,7,360
5,732NR39VW9,5,360
13,P29078NEL1,4,360
12,DWXBH8Z1MY,10,180
5,DETJXO92BF,12,720
4,NTZK2CMG8R,21,360
15,5Y6U4ITGFI,5,180
7,79ZH4F1VC4,17,720
10,WV962PIOKZ,18,360
9,0LOQQZCA8V,7,180
2,KNN9337ZND,21,360
11,RKD7O8WQJD,19,180
1,DRVFA9Y84Y,6,360
14,I0AICR2SKJ,1,720
1,IMS9PCTXA8,3,180
6,VAHO1KKHZZ,5,360
5,2FZPRQ8BV2,13,360
4,F7OD21JSYO,5,720
12,HT7SJSOMTX,5,180
15,YWPI0WHYA4,3,180
9,8JK2685Q6C,20,720
6,H0YPNZLZ1N,1,720
2,YGSMSD7JHV,12,180
13,KEOHO1RUZV,20,720
15,DY9US0LOV4,5,720
11,TJ9FHWHJ0O,14,720
15,P0XGFNO7HI,20,720
5,L353V7NEKU,3,180
5,T8O3VRPKDP,9,180
12,NRKELD6UHJ,19,720
6,4EFQ2B9JW6,2,180
3,IVB8DH0I72,21,720
13,KD09LA3SQJ,2,180
6,5DXLR8NC1V,11,360
2,9GH1A1PGPB,20,360
11,2XS6JKALGU,14,360
13,824UZO2SJ8,6,180
1,3BXE269D3V,16,180
11,Q0L62SECFC,13,360
1,F6BHQ4WLTH,20,720
2,7HJK1HIV4V,8,180
9,ORADBYEBLB,11,720
5,DWXI2R4QJX,9,360
15,6DFP3HXGWB,16,180
5,KLQXSNTNRL,8,720
12,WWADBHXPD4,21,360
8,E5SIJ0ULNX,16,720
1,IJMFCP9OR4,17,360
11,T64T39PYSC,18,180
11,WHH4CV4AFD,19,360
13,IJ89G915RK,16,720
12,KKK0EBXU5W,14,720
11,31TAEA3QMD,20,180
2,NZV5NUOBXJ,5,360
4,QOQYJ6Y4I0,21,180
3,K0YJ7SZ56K,13,180
11,XCEE2EY3EK,19,720
5,SAD2LICMQM,9,360
11,SXUD6OWX4V,20,360
8,YOE0BO9KMW,21,180
3,YI0ZFWPG9V,15,720
6,IOTYM3TTB4,17,180
3,VQWQ1LY82N,12,720
8,WNQF66A93T,5,180
4,QJU6XQDMW7,3,720
12,4D4L90T5KB,11,360
15,1DTOLUJ830,21,360
4,PJK1XYM1ET,13,360
2,AG28I8QHJT,7,720
7,QH5YQXUXF8,2,720
12,88BWULN5FX,2,180
15,EVH1FVXFSA,21,360
1,B4P192W897,2,720
3,QDPQL1TORZ,6,180
7,ZRACN1A3M6,3,720
8,4J5X657UZ7,17,180
6,Z2QA8OOO02,2,360
12,HPNCGXMI1B,7,720
11,DHVC1UO96E,10,360
6,Y9QM9YRVH1,15,360
14,BSMB9EFPEC,8,360
5,M9F0VUB98P,12,360
6,L5KORD3L50,11,180
2,YXP5N0MMYZ,5,360
7,1JNH7PDHP8,20,180
1,YCYTBCTU2I,13,180
2,0XKMY21CI5,6,720
13,AQMHG3VZOM,21,180
4,7942ANIDWK,2,360
1,P6Z71UJ64B,17,720
4,ZMSUA2P1JN,9,180
12,RALXNWE2C3,1,180
12,F0OK60D625,20,180
12,XGVVYGZ8MV,12,180
14,0ELLX1FOPS,10,180
11,101QC3W0L9,21,720
7,MHFDUJC0FO,16,180
10,H0W21ISOB2,1,360
9,QNZ641JH1G,8,180
6,8G169WSY32,20,720
14,6WTJQVW8J4,6,360
9,U8CN75VFHM,5,360
6,FA5UBV89F0,11,720
14,CFLH6J2HC3,14,720
8,L3LYSDET4Q,7,720
13,I7H9C3X57B,2,360
4,PE89H0OWPH,10,720
11,EG4DEBD31E,2,720
14,1QE642CLD9,12,360
6,1POB4R1LDU,21,360
10,WO75D88SBR,13,360
8,SOS6JTFR4Q,21,720
12,FQUA1M4QIA,14,180
14,R9Q63X5PH4,17,360
5,9YQQLSMTF2,20,180
11,34KX5F4XD7,15,360
10,B4NBCIDGHH,9,360
14,3BDMC102MO,1,720
2,0Y6ZEXBV9A,6,360
12,NYTEAPCDNO,18,720
6,3EOLT70AV2,15,360
5,NNZ4CUN1LH,11,180
12,5KJTEU55H0,10,180
9,6AETM8MFC0,1,720
3,TUWAI6HT8M,9,360
15,0SUJD3Y42V,4,360
1,OV6NC1K2D1,3,180
13,I4SI25QFMM,13,360
9,DOU0OUI8AN,19,360
12,OMQM7LB5BM,3,180
14,LJQGQC7NSG,7,360
15,P15E59EY1I,6,180
9,WWKRVG1PF2,2,360
5,FG6E0CAYX0,2,180
3,6O0YHAIQ8J,20,360
6,HJG2VHFU63,5,360
9,UP1BZBP0GI,20,360
11,E3GKL4HU80,20,360
13,6BRMR0F9HD,4,720
11,3QAABUABMT,20,720
5,XJAT2DQ8OK,13,720
4,DZ20ZBY4HD,15,360
9,BJKCANXBLW,13,720
1,ZFJ69S6KG0,19,720
4,BYSW15CQP9,16,720
3,WAIB60Z7K6,2,180
9,OFITPFIEHT,16,360
15,3K427SFX29,16,720
11,HNPWYX8BXM,2,360
7,N9T7LIGRGU,20,180
4,SR2ZX7MECH,14,180
5,6NHTTN812Y,17,360
1,PU6CU9DZ78,5,360
15,XHGZF8UT9E,1,180
6,L4VYA9F3B3,8,360
4,OS68JFGHW5,1,360
9,A0W1020SXV,16,180
5,K7D4ROUG9M,11,720
12,C2V0QGRRBI,3,720
10,B8RU74C3RB,21,360
11,VDXUGUT7CM,2,720
3,PQ8HTLTYW1,18,360
9,OC7MUY5MB9,20,180
9,S8SKF6BV0P,11,360
7,27FK69ANCM,17,180
4,X373SVTRA9,14,180
5,EOXFNL6ZWN,9,720
2,CWEZYB56OA,12,180
15,4U9P3RV4OJ,11,720
4,NOQZSZ4S6U,19,180
11,P2HJUFRIJD,8,180
5,SGMXKKLVTE,9,180
14,HKNCKKYE4M,2,720
4,EC0ACY9KBJ,21,720
7,W53LS8X8ZC,17,180
10,QHKP97MDAP,19,720
10,R5DU2NJABN,18,720
6,O268FLVTVD,9,360
5,GST0BBZ4YR,19,720
1,1DOIWW82KW,5,720
2,W6EBAFRDSO,10,360
13,O53YNL8LLU,17,180
14,41D5KBC5DG,12,180
15,M3PTPE3O3I,14,360
15,DLS2N1RYU4,6,360
14,J4HWU1LNLY,14,720
15,JU7A2002QP,7,720
11,45QK4IGYOJ,18,180
11,6JFC1PBZQU,11,360
3,3KZXM3OOOR,7,360
6,009Y8K02XT,3,720
2,OX9FEQ4ZRM,14,360
11,64PP9JR4UB,21,180
10,PSG0E46RII,21,720
9,YHZUS04GCZ,14,720
15,E89K1TTUB1,11,360
5,HG6G57959E,21,360
3,IDVIWN6Z26,21,180
1,BK5K63BD1J,21,180
15,TWE3GQBT2Z,4,720
10,2J69OLP9Q9,15,180
4,HLX36E0KQ6,5,360
4,B9JRG5ZZAL,18,720
6,EFZO8NOL75,10,360
15,J4WGVW18DI,16,720
13,HET9J71BPC,12,360
12,61ZJ30RPYG,16,360
8,IWD544CSPO,14,720
6,MY22CT2ZI3,13,720
1,9VERL56NL8,15,720
5,B7A5HBX17L,11,360
10,0GV54FZUW9,12,180
15,5WMUMDZ26G,13,180
15,ICTLVXP5F9,7,720
6,S5AMKZ30US,4,180
8,9V2A8HWCRJ,19,720
15,3OT6KSI72T,19,720
11,948VCQNPHT,1,180
5,8J19ILTNUM,4,720
8,CZFDUE9LB3,4,360
13,GUXFOZNFP9,11,720
11,5S1OXMX1HM,4,720
7,HIRBXN56U9,13,360
2,UMUAJLH6HE,4,360
2,J32TQW0LMU,2,720
14,EP0GDPCFG6,10,180
5,YFQO3SU1EG,9,180
11,8V83KV618X,17,180
14,HODQRJ1VZJ,16,720
6,PGQH15TBPD,3,180
1,XDWWNPAIEP,1,180
4,1X0U26BQHD,2,720
13,0QBNR6KJLP,11,360
3,UGAYW87P62,14,720
3,BKKJO0DID4,8,720
11,EZOJDPQNEK,6,180
1,3LYLAGHG7O,1,360
8,7J99TOZXKU,1,360
2,DOX32BMU55,21,720
12,VOD54VLC1R,15,360
4,K74IB86YM0,12,720
10,7OPHPENX0X,12,360
4,3DVB93KZ8E,4,180
5,U6TLDYPU6G,11,720
12,AGIPT2Y9AR,8,360
3,P4QCGCWGR7,11,180
3,HP01EYTII3,17,180
14,QZVOE5DW2W,14,180
1,TRNG6ZKCFT,4,180
12,RKC03Z26Y1,13,720
11,E653Q0W16V,7,720
1,O4U2ENFK2M,3,720
2,L028CLKUG2,11,180
7,APPPSZUJHJ,9,180
12,PADBWR7DD7,4,360
13,UDTZVLXJX3,20,360
5,ZUA0WB9P20,4,180
15,5L3TGY54GP,8,180
12,KBOD37BC7I,1,720
13,P0KDNF0MBS,1,180
8,HW4J8SS969,14,360
3,UKWASD0DQ2,19,180
12,RX8RQK6IME,5,360
14,QCWOYORD9I,15,180
12,7PGVS8HRFW,19,720
10,4FH0J8ISYI,9,180
4,0QGMRS5IH9,11,360
2,6AR6V6FEZ1,8,180
5,176ATSLN7N,19,360
6,RRZD8S1GS6,18,360
3,CNEJKYX2RU,12,720
13,6QFZAWDAN7,7,180
1,8A96XCTSKC,9,360
2,RT4M1DQD4K,5,180
2,IT32NWFNQ5,10,180
4,GUBAE4AUBE,20,720
6,0DXQ311NC3,21,180
7,48LQ5LP2QQ,7,180
12,ZIHZU6A6XU,5,180
10,IAZX4N5X1H,21,720
3,74OA3WLBW8,12,360
5,JD105UEJSC,21,180
4,8G7PB17PVT,10,720
5,V8PUSF5AA0,1,360
12,LPJ09VTXZ0,20,180
14,LAH590IINA,11,180
5,9JOFWSI3EI,11,180
7,ZQKWE0TWS5,15,360
7,TJLB514LP1,19,360
7,32X3UBGTMQ,14,180
8,H3D9K870FB,15,720
11,ZI7PFY3TPM,6,360
3,GNO374VMU5,12,720
15,6OYUBQRBEY,20,180
12,AA93J0QEVB,20,180
13,J8KYPTLGYL,8,720
12,QB4BEKJLZT,20,360
13,V1LJGZARYB,5,720
14,EFGO7Q0RC5,6,180
7,ENAZA5B07A,18,720
5,2FD0I32DVI,19,720
3,WS0F77BU8H,16,360
14,FIIT5MURV0,20,360
15,AWDGNYKD92,7,720
12,1AS3398LGT,3,180
4,ZK71WD99NA,5,720
12,NVBRD2NR4I,6,360
12,7JKO5O934R,12,360
6,I80J4T6P1Z,13,360
2,KZ0SB3O2PM,20,720
10,JDICB85W48,17,180
11,BKUK2NZECR,13,180
6,WHVJ9TUOQI,10,720
12,SUVFZEWU8A,17,180
8,NXUY2K44KN,8,180
5,SHAAR203JH,12,180
8,NHW2DG13PZ,2,720
1,WWN8GVF80K,10,360
11,7JQZHEQD21,2,180
1,TO63EBZ6WL,3,360
15,TGKFEJ3EE2,5,720
14,6AIH9YSNUV,12,720
3,I0IQ831BL6,17,180
7,FTY10T6316,21,360
1,HOTLZQ8T6X,19,360
1,PGKRTJRT93,17,360
13,HG07S4ZJW4,10,180
6,02GSF1Z98F,4,720
10,28D72103H5,15,360
9,EXNDR7MVNQ,3,720
8,RQ26BOSB5X,2,720
12,9TGLN5OYP1,3,720
15,3PSR9N7KVG,19,180
9,SVU0WH3DTB,17,360
11,8L8SRWHQUA,11,360
5,5U4A9AQFN3,10,720
5,JKDKFABIE6,7,360
13,WNU9QO3W0C,4,180
2,85ZZN28T9K,21,180
12,B4QV2O3USU,17,360
9,EELIVZUBXY,13,720
6,H8KO0OMW94,10,720
8,5TGJDTUECJ,5,360
14,SNA6UR9I2W,19,360
5,R5INYFGNSL,17,360
13,7NL73LQ1PQ,9,720
12,TTTA51FM3L,5,180
5,AJRTVGGTLM,19,360
7,O6NP61JZN3,1,720
7,EIICXJTW72,5,720
13,RZX7V2PZJD,14,180
12,Y0N7M9AF67,6,360
15,RJON4CQZW6,8,180
9,6B4ZECBWYD,16,720
14,SIZLB38S81,11,360
7,6AU1M6R7LG,12,360
11,RE6TST33ZF,10,180
6,E42K481XIF,15,180
2,9DMWL3TKDI,9,360
13,3322O5PWSH,5,720
13,OXGHBSKTKB,8,180
1,MPR72XM3BO,19,360
14,W6NOX7D34K,8,180
1,8RWSTLMD3O,2,720
10,EQZ6VEUSMZ,1,180
5,M4013D2YXI,6,360
14,MN29K9PKRY,10,360
5,DUH4UQEF30,16,720
1,O780WEAEN7,8,180
13,XMOPIGXNT3,15,360
11,3CAID1Q3IP,13,360
10,AEVWVC7KW8,20,180
12,DG5AVJYKJE,16,360
14,ATGPZGVCZ2,12,360
13,AXL8ZYTMFJ,3,180
8,0O7JH7IHFW,14,360
13,NI2R97G0LS,10,360
14,KWI22KRV4A,3,720
12,4QE90YF0YA,15,720
8,YA8B1L5MZ8,10,180
8,9PFTSHNKLR,5,720
13,CICLAH3FEO,18,180
6,IYAP4GLP2Q,10,720
2,713QQ86KAH,1,720
3,L1SRAXVZPK,6,360
10,CBEGANIHMY,10,360
11,Q2OC6I0AOF,2,180
11,1JMN8EDQMY,8,180
2,966SWNJEEE,14,720
5,XUPHY28F37,5,720
7,ZY7C4QPA00,9,180
14,4MOQLQ5HA7,2,360
1,Q4M4C932RT,19,720
7,4G3CMNN5Y5,5,360
5,90LJOMWHER,14,720
11,NEJTCHCVKW,14,360
10,X1YNMSACZC,4,360
8,WCL5OGHQ9V,2,360
7,L9AMFZ8HP0,16,720
1,V5996AJZL6,9,720
6,BUFVMFF46Y,18,180
4,DBX9DIBYT1,21,180
7,Q7JA20ZDIW,19,180
4,FCAHW8YD9O,10,720
5,YI35ATANES,18,360
13,MB6NS7GU4P,7,720
11,CSHQ3RTO2F,12,180
14,QG8WH717NY,8,360
7,5H55L9ZM4X,1,180
1,0IVNHIPXRX,14,360
7,62DO25RQHK,20,720
11,TLCKQCCJTQ,20,360
15,QK3IYHEGVO,1,360
4,JTH8NP7X0F,21,180
4,FYILJ021JF,13,360
6,EXTY1D3Z9W,3,360
11,BRZ4ZGWJ9T,8,720
15,V2DC7LLAEX,2,180
10,UCST38Z2BF,10,720
1,VUKQG67WX2,6,360
15,SDYL9B3ET6,11,180
14,JCDWE1KR33,19,360
5,LHO1KYOH64,12,180
14,7U4GBXR7KR,13,360
8,7Y12MIWBR6,3,360
4,ROGPG43D9B,21,360
5,IAOX5G21AR,15,360
10,GDVCKHQYSY,18,180
9,CAZA1S5FVY,17,720
4,TSEN9CIBBN,20,360
12,54HUD9XGUU,9,360
13,0YG2S3C0GM,15,720
13,GZNL6EL9TL,7,180
4,G0656E9ALD,4,720
11,EW6M6CJITX,8,360
12,FE300KYVF0,6,180
4,SAYZTD5UI7,9,360
12,0JG666H3CL,8,720
4,MKVS087HGU,4,720
15,Q3DOSJWBX5,17,720
6,M1EL58IKSA,10,180
4,FQI1KTOJSK,14,180
8,VDX9RMECDS,8,720
9,RM5CFVYKWN,4,720
5,8N699QV005,9,360
2,BE3ELQQXNF,18,720
1,3X26VJ4G4A,14,360
6,BJDTBGH14F,19,360
10,GK8Y46GTFJ,7,720
6,Z7IB88B53W,7,720
1,TPXO9ZCKOI,17,180
7,1H6F6SF8SN,15,180
14,TX3IX9KH0F,3,720
4,B0VF4SZOM7,21,720
12,13ZS2X0A40,9,180
3,9IWYAFZY1O,14,720
7,L1ZZ99YFPS,11,360
10,TIJW1PJNR5,9,360
12,V3Q7LXS4EL,4,360
2,RKBK8ABSDK,4,360
15,DEVIAOW5H2,5,720
14,NR4DEAQNZ4,14,720
4,47PTY9HYDK,1,180
4,QF9ZDCT5RO,4,720
7,RFDJ1KPB8Z,7,360
6,TO8YSHAQP7,21,180
15,6STJT6S42P,10,360
3,4NSSPOFM15,14,720
9,6GHI1DZE8Z,14,360
7,HCS61340RT,10,180
3,4N0MS6MAP3,16,720
13,ZFO9148W4R,15,720
2,D12U5QSQ1Q,2,180
10,XRH18I00DK,2,360
6,Q5LBZB4GS2,16,180
7,RWTTHO0M9X,12,180
11,TFKDEX3PFT,3,720
2,V62XP6V878,12,180
1,GH5TPTKLKV,21,180
5,NUVNMIRYA8,1,180
5,LOIJOAS8OM,6,360
9,2UXYDCB964,15,360
13,W2QZM7O245,15,360
5,865RRX1NA5,4,360
5,EIGZTYIA9D,19,360
13,3QLWRGU6VE,8,720
10,3E5ZSMT5P1,15,720
12,MM45UJCO3P,18,360
4,SP8IQVR1CX,8,360
4,LRGFNY2JEG,20,360
5,IDRU56Z86X,3,360
3,EJYL6CASZW,3,360
2,CI79W30J7G,1,180
9,D1L8HV3ZU9,11,180
15,Q35M8D4TQT,8,180
9,9AZFMNJQL3,4,720
1,4MRGI69QUA,17,180
2,7Z8HFBISWR,13,360
4,PCGGAQKPW6,20,360
1,0N5TKXQOPY,11,180
10,660QUMPZGD,14,720
15,97OKXGUMMA,8,180
12,JXTY9HWW85,14,360
15,IISFTVY78B,11,720
4,LMIC9WRO4K,15,360
9,ESWXVIQGBT,2,180
9,4XBJZGCRDG,1,360
13,V9S9LAT7CF,10,180
14,ELE70VVBOD,6,180
6,CRF5ZLLWO8,5,180
7,A7BFANIKC3,5,180
9,B7AJC4U74C,4,360
6,WQ3IJDVEQO,21,720
8,4J3ATT5QD7,17,180
8,XIE6XBIMMQ,20,360
8,6HSAXDDEHH,5,720
15,GCPDCBRMCI,2,180
15,CB03886WQH,2,180
9,QCEK9KS4KT,12,180
12,NPS3O706WT,3,720
15,VB6YBA58CA,17,180
3,MR0MYNEXY3,12,180
7,5UBCIXV4NO,7,360
6,XFDWHUM6Z6,13,720
10,8L0JZEUS97,10,180
9,M848WWGFPJ,4,180
1,OA53MP8SNK,21,360
10,M2SB245ADW,15,180
13,T014QES58C,13,180
13,4ZUQMFTWVX,7,180
11,SQBBIJFGZ6,16,180
14,5C40PB6Q19,19,360
11,V6JY10J2EB,11,720
5,5E5LPJ0B6G,13,360
