serial,branch_id,warranty
XR44IW8HUE,1,180
QAN7UKB344,2,720
0Q2VRYUMJG,1,360
HZPNH9LKLC,1,720
0QPOT4G8P9,16,360
L47U4KGIC4,15,720
B04Z0O91YP,6,180
RZZ2NJWYBJ,21,180
F9R04PG0HE,18,180
04H5M4LV8T,17,180
CSKZAP68R6,10,720
ZQL6LW7KBI,19,360
GCWDIIL4B8,1,180
H3QFFRE494,1,360
G2B2QSPBGX,15,360
7JA1KEV224,17,180
LA0ZFUCQ1B,21,720
RZHPQTV77W,13,360
UN5AFTNJ12,16,180
JSZZRAKTR8,14,180
ZV7ATK26Y8,6,360
M3YH2I13PA,7,180
J9J7LEUDAP,15,180
HNWKI8WSFO,6,720
4BXHXUO3CV,9,180
7WHR7UUBX8,6,720
AVNNGDXRZ3,17,360
OYK0VRYXCP,14,720
ZIG4SN0M24,6,180
34I5YM17M9,18,180
314BCX4980,3,180
87QG5NB0R1,20,720
PAES668R6N,3,360
1E38SVKS1W,6,720
SQF83NEMRE,10,360
BI5ABTI5XO,1,180
IFBTRQY765,18,360
15C6E5G583,17,360
A87RATQW35,12,180
T4MR3236AS,15,720
XTZ3LSHY9L,15,720
8FNCQPQ9CR,4,360
LZ52CFRBKA,4,360
MHQ9HAFBLP,3,360
64VGZDK8J3,11,360
S3AIAWI9XF,9,720
VY2LQFBINE,10,720
N2BVETYXQG,4,360
SYH4TH08ZD,20,720
Q411ESKKMC,21,720
C67M9CXFBR,21,360
FOZTUGPGXW,5,180
I694Q51JEB,11,360
7CBOWGYGBC,13,360
QRPC0Y7KFS,9,180
MBG2BHZG0C,4,180
9RFCGGC109,15,720
F6T7Q4P7PY,19,180
27MZEXMXUY,20,360
NXQNHABWWG,15,180
HE0K9RB5QW,2,720
EHDMITMMCQ,12,180
AY2R7V9QCL,9,360
S60DUMXSWZ,9,360
N682ATNPPH,19,720
D633TNXOXI,7,180
Y2A7GRTODH,4,720
BNO3QPQKKE,3,720
4G09BM9KTQ,15,360
D3PQS7S1WG,3,180
45C066Z3AN,6,720
J32XNVMOBZ,7,720
GO8I9TLZMT,6,360
M31022X940,10,720
TIBME136TT,11,720
PBONR8J6VD,7,720
SIZPUWK0JH,2,180
BN2UWLAIB0,12,720
61DFVLOVY2,2,360
KQA34IF3ID,21,720
9TZPMV89JO,10,180
MHL6RZ8VKX,14,180
OA2BCYKFKM,8,360
175ZVA9SHJ,16,180
LS9VI5U6KF,18,720
S1VZHFNXF3,5,720
EL40CUV105,13,360
HTRJ24M0V6,8,360
NAZ53ZYBFQ,13,360
9RMXR9OP15,18,720
AEMSRWKWMX,18,180
DLPDZWJCGN,14,180
WV00OQPDZQ,16,720
O9XTWAHTOR,1,180
J6JF19QQIN,15,360
K02DKYTWDW,8,180
I7AGAC08RK,1,180
49ZVXOKT6U,11,180
IZT68B5SB6,17,720
S735FWHNQK,6,720
MX8G52NTF9,1,180
D04FES3KM5,19,720
OBTT9TR3F6,20,360
69C30XQNEC,6,720
0MND0J4YO6,14,180
NZUA5Y7HCJ,21,180
TLUQ2I7HZF,20,180
5QRHF5FN7H,13,720
UMKGE4E9FP,1,720
IT4SAUVZ4K,17,180
STK80EPYCW,20,360
E6364P3T21,11,360
SEQ9GV009B,1,360
WNXTVW9W1H,4,360
WYQE91CBUZ,11,360
RIGMWAZ7NW,7,720
5X8WGISMJ7,17,180
4WAUHMK97F,11,720
4A9KV8MB80,16,720
7NMKM7BAHN,3,180
91DTL4ET5L,21,180
976B4Y3CNJ,9,180
KJN5CJ9VSU,13,180
OLMKZW4IY4,19,180
AC8L7NUNL8,5,360
CAUI7402D2,4,180
WM543PSCF0,8,360
412PQ4Q6M5,20,720
SHUVDGNJJ1,11,180
RACKA3S2OT,12,180
V06MQQ9ZIU,15,360
QDCH4KS9OQ,5,180
AF5QXTQ7RF,21,180
8RX1O573CI,5,720
VVHSP2N00H,1,720
5IH6Q2PH9U,11,180
91VBI71SWT,7,360
PO5Z2Y0R7W,7,360
IIG67PVZ2W,8,720
66UOOJG81V,7,180
0I1C7E5LGG,6,360
AZHIQAA8HI,10,360
D79A3VYVRB,7,360
9EGNMX2V39,8,720
84KSGDGIFU,14,360
3MEE0KYL3O,16,360
UX2BL3GJ5Z,20,720
XRJP8MBWPF,4,720
JXW9UEHZNX,1,720
0FX13AP7KD,6,360
WIDDY675E2,14,720
ZPK355HGP9,20,180
2NM2BL5H35,9,720
5CLWMRF6VC,17,360
BS780ZUAT4,3,180
AQT1QXYS1R,21,720
JPEDKV6L0I,8,180
GR2G7ER1CK,11,360
Y7B9F0PS4P,17,720
5NS079XQQY,2,720
W6175MUOB2,20,720
XEVKML1NQR,15,360
DKKDWXOT76,8,360
9BFX3820BC,3,360
M7F6K7TKET,18,720
BV6PTT3728,11,720
1SGUAJ1UB1,4,180
QXGKAJ21QD,17,720
34HG1NMSJH,2,180
FL305V7CZX,11,360
8L85JA3OMB,8,360
9895G5EHB3,19,180
2WPUWK4S9L,20,180
JYP5CXSBR1,4,180
37TOJY0BS9,10,360
H1CWH29S9X,15,360
5RFI9W4XT5,3,360
21HV3WVJSJ,9,360
13PSPV92F5,8,360
N8E0YJN52T,3,720
MCIBE5HJ3X,9,360
YPQNK42ZWU,14,720
7CP6BZMWZW,4,360
59QAF0EF5C,6,360
1O5S0KC6TF,18,360
V362X0Q9X6,7,180
8M1LEXZ4FQ,20,720
RHRYI6WBY7,7,360
CNKN1HD44O,4,360
MBDN0NINCM,19,360
8FBAXU4D64,10,180
CSQ6R242S6,20,180
3CDG5DT1HY,21,720
NE9WDY26A2,5,360
WKDRWMTT8T,10,180
VHJ5032MWH,9,180
P523S6V4GY,21,720
ZUJ4TI2WWD,17,360
7GU3PNEPR7,21,720
61D1CQ6W6N,9,360
V5FMCRS0II,10,360
F1NZFB7V1Q,12,360
0LYOALK2DR,4,720
JVZE0IJUB9,21,360
MFIFK72GDW,17,360
541M1P5SBU,7,720
CO2V9IJ8J1,10,180
BA2J8H72ZS,21,180
51XL8O0P1W,7,720
6K5NL9QFP4,15,180
X06G3EXFFC,5,720
AK0V4Y60O3,14,180
5ZXO9KQ0QE,21,360
T2YX4ELNLX,1,360
OKMTRREXPS,3,720
WXO3U2XV5Z,14,360
IHP4K7P7VP,13,360
261CSX463M,11,360
TNZL2C6SR0,8,180
I1OO49I6HL,16,180
ZQRFPX6CLW,15,180
89I68MU72L,3,180
D9WXU6GWIH,14,180
R29T5QQVMV,8,360
3JJCV4JX3V,7,720
B08TQXGI1P,16,180
MWNNRVRHAC,21,360
X8JOVIWN4J,21,360
4ZWKOPA400,1,360
80IN3T3TGK,18,360
VVJP8Y5UF9,18,720
OWEWHEJG2F,2,360
8UX14RQ21I,6,720
YQK2E1KG8R,14,180
LL5CLG72MR,17,360
0240HU5B5T,14,720
0V1K5EC79P,9,360
8ABDX06VRI,20,180
59FPL53M3D,6,180
RPW2J1RHBY,6,180
2NEQO8TRAT,6,180
1S1LT1QWQA,20,720
2I5EYEUY4H,19,720
8PIYWM6MDT,9,180
9EBX8T89FJ,11,720
1PAX9O1VL1,18,360
QO2GELYOII,16,720
W73H619MJU,17,360
ZJJ8JY4X7P,9,360
AW2KBW6FVZ,14,720
GGO6JDME5Q,5,360
MQ3XSM06CC,15,360
LM7NHSLEM3,14,180
AWU8WZZY3Z,2,360
5NZRIVKIKC,2,180
4ILB1L1UA0,6,360
86WEAVUP52,5,180
RJOX875VLZ,13,360
G78U3FHU7X,7,180
WMZPCZI1RB,1,720
MUQ3K6004U,14,180
SFNQMUIYOP,20,360
PKCBT7DT7W,20,720
B2EJ21V3TA,2,360
HHF4FQUAOL,5,720
WMG5HYDJQA,5,180
04ASHD3G6V,10,360
CEKFEYGCK9,21,180
EEDEVGNLG6,2,180
IJI60MK0W5,8,720
OFSVLDWV0F,20,180
RATKTH05M5,20,720
NK96IC0Q7I,13,720
TLZ9O1KMYZ,2,720
TSU6CZWUNQ,14,720
DXNO82P0X5,5,360
JZCVT2QOAY,2,180
FC77X3Z86S,18,720
ROEO0A4QSU,14,360
MASJIKOBYE,16,720
AE0RMP4YTN,1,360
59GARLIMZG,11,180
8XJPVKLQUK,13,180
BGLK18KHEZ,7,180
MHBFDA2GMR,1,360
IAU4NKQYB8,9,720
F2PTKPYZW3,3,720
VS2ZY5B6FU,8,720
OAGTLHZ0CS,21,360
O5UO1W4VKX,16,180
DUQBL8B1B5,11,360
HQ77GF8EQR,21,180
OBBN665U5L,18,180
Y7HN8U27DE,2,360
A9N12P7RJ2,4,180
1ALZMWWQJ3,3,720
C9VS42QM24,11,180
V1VD0VL6RO,12,180
ED90E69RF9,14,360
FWLOBWN2KS,19,360
C1D6M1C0ZI,17,180
RRY9PC5NAZ,15,360
D651PN6JQM,3,180
79D45MTD6Z,10,360
HT3M2E1P2E,21,180
KOG1PZTYNN,1,720
WTJ2UMNH5X,21,180
2PQ4IY3Q6V,17,720
YD0SX7MVHO,9,720
3GG89H39BV,5,720
D187H8EUDN,8,180
S5J3V5UXQS,13,180
VVT55GJCFZ,11,720
MVC2QFPVMF,7,720
2XCAYJQRX9,7,180
NEXLE9K2E5,5,720
41BNQ82W4N,2,720
6MVFE0PZ61,14,360
KRGGEEKC89,13,720
IRHB52QHAQ,6,720
RXAFNPEFK6,13,180
4IWCBAWAK0,20,180
OC6HIH8PLR,15,720
E55FBKDLE8,4,720
WAT6UR02WV,8,180
0LAWR612ZW,10,360
QPGVS9IQN2,8,720
86QPDZ6UI3,10,360
KID23I9ABY,6,180
P5J00FME6B,17,360
90UA14HGJO,21,360
IEAJDM3T5I,13,180
UW7468UD8S,17,720
66FL1KTBLX,5,720
7R92WJQK73,4,180
M9H5QSOTYD,1,720
5JKNJD1EGT,17,180
E33RT5KC9W,14,720
VPTBUI2C3S,7,720
121XVCQL3J,19,180
URV5G0ZRJY,2,720
VQDFS8R2I5,4,720
3REIXTL09P,13,180
XKCKE2KHUR,21,720
41HALCWYM1,1,360
19NTBKRXUQ,17,360
SV3HVUVGOL,8,720
58CVGFZGXN,12,720
6JEIRH5UF3,17,180
JV3KU6HD0G,13,720
VYQTOKC6ZV,10,360
MA56PW72TN,5,180
AUBG29WDQB,1,360
X4OJJR0OJS,11,180
SINI6GAI0J,20,360
CPNKT13XZN,16,180
S4K9MCVM3F,9,180
RU2IZYM9T5,4,720
UEWMV7O8O5,1,180
T35OKZ49MJ,9,180
UVWJKYHOH7,18,360
SZ5IRIK3H2,2,180
OBCXNIE393,11,720
8GRTS8TSA3,6,360
E0DQOMQM18,20,180
MP3N9REJJS,20,720
OX9UN09IOF,16,720
E3H9W9O0KL,15,360
W9STGD4F4R,16,360
U44JYTAQ9T,3,720
QH0BFGXAO0,8,360
9VYBHYBCQQ,14,720
GUB2Z6WSP2,17,360
PLA9OQJUND,17,720
I81ZYBCCRZ,11,360
Q5LH5OWEVR,12,720
GIF46MO9YM,8,360
3RNB5F2K7U,4,180
2CSMV49NZN,7,360
0483VTHDP6,6,720
R8IAQK46P9,18,720
SZREWE7LH5,4,180
SMURG2PBS2,1,360
H1PRME2NER,4,180
IBL3FRH65T,19,180
O5X3F0NIED,15,720
LI3IAJ1TC1,21,180
9MGI8FGTUV,15,180
GZQUPTXA8B,3,720
3P65FAAFLV,18,720
CKIY44SXY2,3,180
83CGTO7XFI,21,720
HX2VPV4P4C,16,360
ZWU4R9A0HV,5,180
CP1N0PYLNX,2,360
J9TLO66598,9,360
KYZWCGMVWZ,13,360
PVPMUHSON2,3,720
B0JOK19ZLB,13,360
WXLK1UM95K,20,360
EDVS3BTVZS,1,180
HBKM2G8KIP,20,360
LUU55RTO6K,17,180
ZAFBL4J3BM,21,360
XB9CT0IEPZ,10,180
KEYC0X764Q,15,180
KLW621HURH,14,360
CEQMMZ23PP,1,720
L744EZCYRD,18,180
IGEGYN0IT4,3,720
LEWYYLM7YT,17,720
F31K78897W,1,180
QG31222N9B,7,720
3C9MRZHBOR,16,360
L08CUG7060,12,720
EN6NEBTALU,2,720
8AZ79P6DWH,9,180
ST8CEZQGDR,4,180
E4SFV9LVW8,7,180
AAJU6TJ1MR,16,720
IUD9HQM6Z3,19,180
F6CM0VM6QC,20,720
9UTFWNZ0UR,11,720
FIPEJFRVRF,15,360
DE9TPXMIQD,6,360
IP7STYS0MD,9,360
KCW1PB0NII,10,360
VF20JJBFBT,4,180
7J5ZUOF5HU,13,360
T9CQ3FQ28X,4,180
1QACZKCR4Z,4,360
7TACWC3QAM,13,720
DKD92BH2P5,18,720
T6PGO2VKKI,20,720
WQJMRNBQZ7,21,720
YWEI7CIKCF,16,180
UECP0ZXXP5,18,720
X7OI2PYFMZ,17,720
UMLMYQH3VA,5,360
7OQUJ8IO8D,15,360
RQOPUD94LO,17,360
U4ZWD4XGNP,3,360
016VNXP2BP,3,180
HCJ8YDGZD3,15,180
DBTP5S8UBO,11,180
7MEFIVW86H,8,180
QUZ49KYVB8,2,360
9HGBHTNFIL,12,360
YIPSX3O91I,3,720
RM4NN8YGMR,20,360
5OWTYWRCJ2,5,180
WNSHLS0GKE,2,360
IKMJRXPX9Z,16,720
EGLUPNARFU,11,360
D0S3OGANNO,1,360
3JSFNRH93H,5,360
FWE0UWXS9D,16,720
0VL56KCNZZ,4,180
278HFCW3KY,21,360
5JU1UDQROH,3,180
0T70E18RY6,8,180
FK44785DL4,11,720
TP9WI7LM1L,14,180
UTT4T2TD90,6,720
C5GV3BWHZI,15,360
BF2FIDJWXW,12,720
W3NP02CS2O,12,360
UYSJU65VMD,2,180
U98YZXTUX9,4,180
DHCGZ6LD6V,2,360
AB0OFFIMYP,2,360
VBDA1V5254,10,360
CBJRUONKEU,8,180
NE8ONXWBDN,7,360
4ZACSRG4ZJ,18,720
MNVM80PGOG,20,360
6100YHVZMU,17,180
UHAJ7442VF,3,360
QQ9BHL8DES,21,720
39X6ONF0ZS,17,180
QYLAD6X5Y3,18,360
K4E0EWOWYH,19,720
GTZ8IB94DP,11,720
JG8JU2ZJFT,2,180
AOE81809UE,11,360
SJQBU0J3VH,15,720
V07NNGMIIW,7,360
7CHMLSD0DS,11,180
X1T5ZASWDJ,6,360
JSDT5ZHNYX,10,360
OVR134BWN8,10,360
B1AUSGH0QK,11,360
ZAV05T48NT,2,720
12QTL6VQJA,5,360
VCEP39NYR1,1,720
3YB2N7T9P9,13,360
RONLMWT4XY,20,720
22XQMX7EQ5,9,720
5P8BPW2857,6,360
MU461ELZ6S,18,360
5F8HKZULSD,14,180
EMLC7MBORM,20,180
908WV7KYLL,8,180
Z5714H8H26,18,360
EP8R0I4NHM,17,180
5XR4EZP502,18,360
5U17DCHJ8Q,4,180
PJ59YY2Y8D,21,180
JIN3G7MJB6,14,360
EGWM1S6D05,5,360
7O26ABDZT5,11,360
H5TN9PTT33,14,180
8ZAMKDFIME,20,360
12Y87XE2HI,4,720
KYPPYONVM4,16,720
DPLYSJQ7WG,2,720
RR3UIB9KUV,17,360
XGIQ40WPIB,1,180
4EGPZT1CHT,6,180
WVL79MDDOS,5,360
MOWRY380AZ,7,360
EUSLTG1SS0,12,180
V1K20F1U3G,3,360
A8ZAQ51VDZ,9,360
DGON0LBEF2,17,180
FKI3XG7Y8O,19,180
U8OXME21E3,17,360
TAAQ9FZN2E,7,720
CCOC8RPPR8,18,180
AFNW8K8PAE,11,180
JLEUVVLO2C,13,180
KSDCRX8T0V,18,360
9QBB23MW7N,7,720
FU5Y1I28A8,21,180
BHCOLAQ9WQ,15,180
SBTJ27LDM0,14,180
HHWHWCV02N,21,360
QO75D7261B,19,180
LJ0X3IPPKU,2,360
ATCMLS0Q2E,9,720
WW1CGH57CA,19,180
TD0TT33LFR,3,720
S5456SIMVF,11,720
O031RV22KX,10,720
NA4RHUZFKF,21,720
ISD74Z5YQH,16,180
QVMX2VTBAN,11,180
1S3T89LTTD,20,180
NBB3UNBG1X,7,180
8MT4QQKF7L,15,360
PCNZ0JDOIG,13,720
LF1N3LFRYZ,2,180
29EMXI7IHK,2,180
R3T7ATG956,9,180
UJFECJRURO,17,720
DVSSEDUP0F,12,720
E7UG5FJ946,13,360
YB6TPW3W30,1,720
IC0EVMH60N,1,180
OF5W67RKMJ,13,180
LL49CF5XL0,17,720
JB9IN7UMTB,4,720
MZH4YTSOJ7,15,180
R3WYUTXWV1,21,360
6NIXBUK7F5,18,360
W3K3P7KEXQ,19,360
JMM1GXZMZ0,16,180
J8PW4Q86PL,6,180
OY58J8QANT,12,720
1TGG51A17V,15,360
VANGAUFKB6,3,180
PVFOPACP83,2,720
7L82O6VA8I,14,720
IP2S6OOFT4,11,360
PPM72PXR5B,16,180
58URNMRFCU,9,720
Y789VDN97W,6,180
TVGD78WPDF,8,180
FEAYLIKYF1,13,180
THIJ96KQAK,4,180
HJUS5YYXYI,10,720
DSYQC4U2PA,8,360
74G4MTKXSQ,13,360
7KLVT0LLHX,14,360
73GEU8PNL4,19,180
4OGQTJ3W2W,15,720
OXDZFGZJZA,19,360
LRZA7QIW6V,4,360
HMHY3EW8XU,3,720
OE0R3SO78M,20,180
ZJNC2GTZ0K,18,360
8LCGA51U96,20,360
RNB24BHQT6,2,180
3E3J102T7O,1,720
MI1TYFXLPK,14,720
FS4H9ETVG2,5,720
MACLKPG7AC,18,720
C8VKKM8QNP,3,360
FPIVICHG3D,18,360
C4JZNH17BA,8,180
1RDEXN4BHE,10,180
8WMJXAD67O,16,360
8FB04BUI5A,8,360
KPZ728OYKP,17,180
TBPPK9OT90,12,720
FGDKMKSWDT,2,360
O0LC55N08Q,21,720
WDYCDYSXKT,9,360
LS62UHGIKW,10,180
KBAHWSBJV1,10,720
FU2MVRQTRZ,8,720
YPOL2UX6CE,17,180
UO98M8OS72,4,180
TJK9B0VNTX,16,180
9XEUOCTRIH,9,720
YBG1XRVA09,3,180
AQQHEIWNCJ,19,360
9VW9HAIGFD,8,720
DVE1J4YKQP,20,720
JD5IR0NJA0,3,360
7C54S2VZQ3,7,180
SSCGOX2QIW,3,360
YYX552BL1D,14,180
W270G8V7BO,10,360
J8EPO6KYQV,3,360
OPK3MR4TT2,9,360
NHJ8R4KOB6,6,180
9T62R3LMUU,8,360
9DR6LXRQ95,9,720
6P25ZQ6DHC,3,180
JCBBPPRJZB,17,360
XELNLVU9GL,12,360
JCKQX35EB6,9,180
IYB6D16NJY,9,360
2YKLP11YQ8,11,180
NZ6AI3899E,1,720
AVBRWBIEJA,2,720
B0JRPB1BCK,11,180
643U2V5YPB,18,180
Q83MXNQSC7,3,360
XB6W3U61G2,14,180
9SUBVMG1TB,3,720
VMD8GP1HCQ,17,360
ZRG7Q68T8X,14,180
16NBMG72QY,4,720
0GJA0YF1H5,20,180
926L19Z3D0,13,180
YVBZ7SDCIR,7,720
V7DZQ11JER,13,180
GXF3FFUWOO,2,180
VR7ASU0UK6,8,360
5WKJERXLJ7,4,720
Q1BP9Z1I8K,13,720
W8DD4WGZZZ,2,360
6KR9998BUJ,15,360
L3NZ7YMD45,2,360
OCM1PEZLFW,13,720
99GYKZF9DH,19,180
N8INFYT1ON,13,720
LUMZPJIU1E,4,720
QHJX8W179P,2,720
1A8KJQRPU7,5,180
PM87A68J3Z,2,180
2R35CEJDYU,20,360
8Y0IOEPLCH,6,720
Z8K2LU1SHM,12,720
GHBLE6V20P,16,720
U1S3RUK10G,21,720
GRPXB4HN3T,21,720
YT4I9SEAKC,6,180
Y1IZU9X76F,7,180
0QY5GK6M8N,2,180
5I7U7RG6G0,15,180
RJTU2MPRJL,11,360
CLF42EPE34,10,180
YEVQWCQOJA,19,720
CCWGRRUY19,14,180
WVGP8OH3O3,17,360
J3P1T1PHR5,17,720
MAKP25NAJ3,21,720
66T0D37FDI,3,180
ZWHU457Z50,5,360
WE26ITY31Y,4,180
X341JYPUZS,15,360
0RF0OKWWM9,21,360
1OSO2818B0,8,720
JP5PZJTA0E,8,180
TDKEHAXS3I,15,180
DQ5HR00S4B,16,360
1XY2FDLYQJ,19,720
SI0KBUQ8B2,11,180
3UP6GJ7097,21,180
ZCV3T309ZQ,14,180
WBFYND5UHN,5,720
C2MVQZFDGK,4,720
20A1QEUGBM,21,720
SEE1W2HCTC,11,360
T21IHT79BZ,10,360
CG210WBODI,14,360
056QR8B2VC,13,180
0DORW5YQF2,1,180
OWX3USAZUP,14,360
94P1G72J1A,16,180
MET9123Z9Q,12,720
5MR2CA1205,4,360
NAF6CPXFJA,13,360
ALLG8RR7TS,5,720
VV2ZHVW7TM,17,180
XQ4ATOOE2E,11,360
1LLASHNIIL,15,180
GPR4J4X9AR,15,180
PWGEJABE86,15,360
7NT90AQNLD,16,720
1EUUGUWKVT,14,720
O2N9G3EQVE,21,720
DDPOJ9X18V,11,360
FM472365FQ,11,720
HV7O7Q3D71,10,360
CWT671I5QB,9,720
6YDKLEW10U,15,360
Z64SP31AG4,15,720
0GFX00JZOY,7,720
7O2NATM2SG,10,360
QE1VEZO34I,1,720
O1Z6NRD1X0,17,360
L3WIFGK4QB,5,720
QFHYVUV3XG,9,360
3736EIQ412,2,720
O7F6OZRIGZ,21,360
AM1V2LQ7LG,12,720
N3JOJ0U8WW,18,180
3UFRCO88RQ,20,720
KT40SOS7Q1,5,360
4Q53Q3AI1Y,5,180
1QE95PGBXT,3,360
4DFQYZUGP6,20,720
CD2A6W9J73,16,720
QTVKQFJ64N,15,720
4YJJDHH0AN,18,180
YUH2X3GQLC,19,360
EFCHI3GIOE,2,180
3XKN6HTACQ,2,720
IIPYU3QMX2,12,720
GUL8975VLU,13,360
A5IEQN4BB7,10,720
MX15GYYJAS,21,360
3K7F44J7ST,10,180
NERMTW38F1,11,180
L94XOX6RON,7,720
3L8972D866,9,180
UPMGDNNJ8Z,18,180
BJ348M6307,15,180
4XWEPOGRGL,6,180
K9KFM4H96L,4,180
PHLVZ6LJL7,20,720
Y8GOBH60QQ,11,360
W4VIVRNNVV,18,180
GG7VEO1GBN,16,360
941Y7UTDBL,20,180
ERTTJLZ270,5,720
YRNEQF5FMT,19,360
XWVQLO1F5H,14,180
KW0YI2KWRS,7,180
B3ZT1EUMPS,14,720
793OJJR5QH,9,360
O8OGUWZC81,9,360
7XELXIPED6,20,360
9RCFBCRLBO,15,720
ADMT8R264Z,19,180
KDNCKDFN74,17,180
WXT9E6CCSR,20,720
T81K8590Z7,16,180
MYGQ06HU87,21,180
SFIS8MBEBR,7,720
8RGD3GL75N,3,360
SXIJC6Q9W1,4,360
ADS2HC3ZZD,18,720
NL740C5MPV,20,360
KKFL6QUH9R,7,360
JNDVKJ2NHR,11,360
KKWHVHYTFW,9,360
FSRB6RN2C3,10,360
0RDYBH1UJP,11,720
2KND9IGM2E,7,180
V2XZ9DPS18,16,720
GWQJB8XJYT,18,360
YY9DZ4GI37,7,720
R29X4JST9W,2,720
ECDVRDB2PY,3,360
ZM5S60AEVQ,5,360
2RSO15H61A,1,720
FUJOP9I0DD,20,720
X6KK61J7OA,13,720
MW83JM15QH,4,720
F5QK5K99C7,8,720
UNNTMAK9NS,16,720
GHA0FWPBCN,9,720
YPC1QUJLEZ,19,720
SB6LPE87DS,12,180
5R6QUZ271E,4,720
P2KB64DTF0,15,720
N8HK0HKJ6T,21,720
I0XXZAROLZ,20,360
HMH9S4P06D,18,360
85UWY2RS6T,11,720
8697UZ2JYK,1,180
Z9BJ25PKF1,10,360
AGZ999OUXW,11,360
Q0Z2RHOJCU,15,360
YZTLWFOZI3,21,360
S94E6TJE5Q,9,360
BHQ2E4VHP2,16,360
611XCVSZP7,18,360
5TQJ4X510J,2,180
EXUC4V90AR,6,180
6UY93N4RDO,17,180
6WC1WGAFIP,4,720
IXW32NL25R,21,180
IWGZSDUBTG,11,720
99IYI8TRKR,10,720
BAO2FPCSMF,2,180
99UQ2RO0J4,4,720
M372G898F8,15,720
3SS3CA2017,2,360
1F8WFD82I5,3,180
BWDJYM2433,1,720
WXCYS2D0BX,18,360
JGVJXC58PM,19,180
3CE7QQS5XP,19,180
GC514MH6X9,12,720
H4UVJ70Y3Y,15,720
NR6M01QBMO,1,360
M6GGUPVH7K,6,360
64IJGZ1VFX,4,720
JX36D087G0,17,360
7YL47NON2N,1,720
AGC8JRZ0T3,14,720
7X32Y8C3DD,19,360
S9HN95L1UM,18,360
JP6XM95KKY,6,180
G5W8BQ2ZWY,10,720
WE3OBYJUJO,19,180
KGK7V01Y7H,18,360
M46OFOQSO5,21,180
DTJA9RKO5W,8,720
PCN3XJNUEW,8,720
7ELYQ14CUF,1,360
S3XDBZU90O,9,720
DMLBIZQVRL,18,360
Y51RM9FU3W,21,360
I7I53G8KAX,16,720
QRC7JUHHR6,10,720
KQFMXNAPVP,1,360
7NS1N0LJ6J,20,180
VPFSI3GNBP,18,360
R4EVAT5JEQ,10,360
V0MSBDA6U5,11,180
2Z2J3YVFXH,15,360
KAYUDHDSTT,12,360
UVU9IHA9FT,8,360
TRCPJJ66MB,2,180
T2VVALTMFO,12,180
Z8OBB6PNZG,14,720
ECBH6KUQDA,19,360
NX5SC0L4ZL,14,360
AHVCP94PKF,18,360
GU1MZB8YN9,18,720
BV2SF96JLX,12,180
GFT6ZWUZ2Z,18,720
9NXSS4AINJ,5,180
VZS1PPRAXE,1,180
E1K8NOX3R3,5,180
XNJL7ECQGH,9,180
81QZG0L1OF,19,720
T5DMVIBAEG,8,720
AKO72BOT36,3,180
CO9BIQJWDO,13,180
38L02IJEB8,21,720
FTDT5JU30N,18,180
395PK9Q50N,4,720
YXARZ9TJ0C,10,720
NN86ZIN6YC,13,720
86KUJ14VIG,14,360
TELCX0KT93,13,360
ETTNR6DOPR,15,180
Z2QTY1PU57,7,720
5VRAQJAKOR,7,180
04D9Z4Q2X0,12,180
UYB68YYNPU,4,180
VNPL1X0A4N,3,360
NAGYWOMN5N,18,360
NI4MFORJVL,17,720
9KP9E80O15,12,180
EDOLN29ZPZ,20,360
A04ZONV43K,7,180
DSGIKBLYXP,16,720
IOJHLGQQA4,8,720
EBH6QCDBUC,14,360
YL6V2MVZD2,9,720
PCZUMRQPBH,21,180
I92X8NDHDD,18,360
S5O5IN4RHK,6,360
HVI2CLO4ED,14,720
H8J224FPOE,3,360
QZG0XX9DVS,20,720
DIK6P6LI1I,12,180
29H7HA0671,6,360
RY1RTIK9HI,7,180
3B9XSB0LRQ,10,180
70L9M6V0LE,21,720
PK9HTTG1D7,14,720
DDU8X7D55T,4,360
MPOZ9030YN,14,360
HD5O9CGRPW,19,180
225D7LTHFA,7,360
AHANMSHU1H,14,180
2L4G2BL6L7,10,360
PQQAD9VGR2,9,180
NNO23518BQ,8,360
9BXR2XM8Q3,7,180
NEIWEX3HJE,12,180
P0FD63HWCA,3,180
6T0K9G0QBI,14,720
2X1EAK7TPZ,18,360
F9DP2YLN8A,16,360
23D0382ZTK,13,180
VFLZ5EHXK7,18,720
0JLDTBHVI9,15,180
U8SOIEHVR7,20,180
ZWOWFQXKL8,19,360
N4DXY1F1RK,2,720
HURSG6AWKG,17,360
67FRTZMDJ7,11,180
R19E9LM3JU,18,360
Y18KGLQBWF,4,180
UZUZ5RDBG5,3,720
7UCV18M1P3,18,720
JD0YKS3FZK,6,180
A1AOQ815WT,10,180
Q5MCSEOJH2,2,720
HKKPQ4B1EO,3,720
F10K783S2G,7,720
HS9HWMUMMM,19,180
F4DHQIKVLQ,9,720
163HX1XY2M,11,720
LI5KWHDAUJ,19,720
JIF15311L3,13,360
U2KVCM9D9G,9,720
OJ8ZTRG5DH,11,360
5R82Z0N7NW,5,360
KB1BOY7VSX,10,180
VKNNYSDPUZ,2,360
XM00INGG5S,1,180
B2WYI25QPW,9,180
H4WP7DU6P1,1,360
U1UBJDRSVR,6,720
8QVTP8D5KD,7,360
G7K174PIGI,5,360
787RKNTL26,8,360
TPST66NYA9,14,360
BRJNIZA1XK,8,180
ZL3ZDPCLQV,17,720
VL94GAMJLM,17,180
KJEV6ITT81,21,720
KHTFHPM8RZ,10,180
3OOPR0TQYH,4,180
LTQ85AC4P5,6,180
BQ4QPX1CFU,10,720
E9FLAUSB1U,6,360
9P4MBZLDO6,10,180
V7JJOWPDVB,10,720
LK7FU2DVSK,1,720
VVBE13MRXT,10,720
0AIAKZ0HAC,14,180
X1ARJLOUZ8,3,720
08V0W211EX,2,180
L571OG7GCM,16,360
N2SK5E12IV,19,180
028WRJPDT7,7,360
ZQ8KE3S8NT,8,180
BGUOOCAHFN,8,720
V3YMIVS9PR,21,180
L2ZJP4W8HX,9,360
JWNLFIQCMH,20,360
P9K67N98QJ,3,180
H4Y90TWDZT,5,180
GOP4PJ0UMC,1,360
QF5TJGZT81,5,720
6A6MGT556B,3,180
O2WG12KVV8,16,360
BQ0LXMW4OW,21,360
HUO5V1OH5B,6,360
08GGOEOYI8,6,720
YOR9Q0FB85,14,360
G8PFZM1GET,1,720
434ABOBJTU,11,180
GTOUOIM78X,20,720
A8IZI104KO,9,180
YK9IOD5706,7,360
F8YIYI0LO6,9,180
9VXKIO29QE,14,360
PR8T5LQCC3,3,180
7G1VYPNOJ0,18,720
IXZ4358F6R,6,180
BN9T60ZBB2,16,360
LMSK8NTSC0,4,360
LO3FYIMIB0,1,360
N1G5LM90SM,4,180
MTV0EH3C81,1,720
8A94F7KUOV,19,360
WTO0GUQPXG,15,720
96LIJESXWO,14,720
MK1GKYJF6C,14,180
H2KFVVJS50,12,360
Z188OJB1F1,16,360
JKPKOFCZS9,7,180
6UZKX8P54S,13,720
W97ARL3V5Z,5,360
RKWN5XI2OJ,10,180
NSS3AMIXCW,12,180
4H34HMKS64,5,180
BLI37TDACV,12,360
K62VT55OII,16,720
XL1YE44JHE,6,720
E06IWFKJ2W,5,360
EY4R38BEZT,15,360
0OJ01ZFRTH,11,360
98YFA5MGS7,15,360
0UNYOMS9K5,19,720
EOJ3TZVGC9,3,720
2UV15YLSJI,10,180
OHK966X39K,2,180
XTSFYDGJDT,19,720
Z3UCGBSP80,12,180
9P1YPLF86G,9,720
SI5MZ2J5CG,9,180
OAK8ZRK8MR,9,180
5LT2LNHF1N,21,720
WUCQV1AFRT,21,360
QT52KVBDAW,12,180
JQD9FCS9A7,18,720
D4CXGY5MFZ,10,720
IFXQ9LBLTV,11,360
Q7ZOKQFT8Q,9,180
9FSQS0XDOB,20,360
921Q1QJNEL,6,360
LQW942MAFD,20,720
5EZJOUWKJK,9,360
YH2D1HTMTW,15,180
7Q5JY0XSG7,11,360
VYRZZ10EYN,19,360
GG36QQF2A1,7,720
QH9UMXL1CM,14,360
LK41LP6JFW,19,720
ATU8BMUWNC,18,360
3QJ48EQ116,7,720
RAZVE21IWE,9,360
8QF7O70SOO,11,180
EBGU9I6ZTC,13,360
G9SEFBTGXY,5,720
7GA11OIQNK,16,360
I0WQJ3FFQH,15,720
DBP86YKRAS,10,360
DLDZ72RK81,8,180
OOVLNM4A6F,11,720
ZFJH9EORGC,21,360
YG80JUR3GM,18,180
IG6BRP8KRD,14,720
L9ZCEUWKW4,19,720
P1OE420V0M,11,180
QNVSTJZI6N,17,720
N6MCFTP3H5,10,360
ULX3ZUMKOW,2,720
K0HQ66GCPK,12,180
ILG0XHD9R4,18,180
DU9WJRDL01,2,360
W4DOV9OE98,6,360
A2VJL4Z73Z,12,720
NAX6S2QQV5,13,180
9DEDUFRKA8,9,180
97WD22O56Z,11,720
UZ8W8YZYDW,6,720
KD29939X4Q,10,180
VJLO2175IA,7,720
DYRCDVQTAC,6,360
R5JAFGYI4B,15,180
XN8SRGRX3N,17,720
SK90XN1AI6,20,720
LS5F614Z7D,6,180
DH6H6NB00H,1,720
XA52ARL8UX,17,360
6V5O4PGUZB,12,720
765WN37TFN,1,180
UZPJL7NT8X,21,720
PVMHBSSY0A,1,720
YOUWWIMTVZ,14,720
RBKLD42BLK,2,180
5EXNUQ1M1N,9,360
HQQMCU4IF8,1,360
JNZ2QRLSPE,12,720
NEGVF1OOSN,13,360
6ZGNF4DBBP,12,360
6706HG8FB0,16,720
7XB75YE1BK,17,180
OQ4EC22JEW,14,720
BFLF4IFPK3,1,360
AS6C8CPZL1,6,720
Y6C5HW92MC,12,720
1UGH97MBWP,17,360
0BTBBW2RKQ,4,720
1J800A5G5Y,15,720
58UGG9UL86,16,720
BYYPUFPWJP,2,720
X8NG9WRGEU,10,180
2XD0U1PQNK,21,180
I6V4AJ7ZRG,7,360
9JIQMH5E0Y,17,720
T03BMGPTTD,11,360
2VNLRXXE55,1,360
INAW3Z6Y88,12,360
VGM7KGGVNN,13,360
Y6NEN00GI0,16,720
O4NU2A9HDE,6,360
H2PPUIJHYB,14,360
H0B3H1FC7W,9,180
NENCXCTOWS,1,360
332RRFWW6T,14,360
333PBFBVFD,6,720
JS0SIL3E93,4,360
VQA3OOLKMU,2,360
RUVFOX5ZFP,2,180
XTRLV6G5UR,9,720
4AAY5QGQ07,5,720
UMNTLZ0JTZ,7,720
1JFG756P84,13,360
X971UCEB0E,21,720
8MTNFFUCO3,8,720
6NYAM0KNMY,19,360
LJPXHVPS27,3,360
COH0EQ3ND9,15,360
UZLFH251C6,7,180
QI510OK393,3,180
NKCIINZKOB,5,180
UMG8G6OALQ,16,180
ED15Q4TK5T,7,360
DWVJ7R85MK,19,180
N2C1OC9WU2,13,180
SQ01EYRRUX,13,180
QNP50B44Y2,9,720
AZTEE59UI1,17,180
AGPNLA10V4,16,180
8K8DXPT5RC,4,180
PTAJV09H32,20,360
BS3ES987OR,2,180
NJ5IIQAOG2,8,720
5WE3KXUFXS,3,180
5BGK94KIF7,17,180
YHNGKLYBAG,8,360
CC01133FSZ,11,360
MA0JIB6QTN,17,720
0LH99D8KJR,3,720
5QD108VMV6,8,360
LQRWNP82ZW,1,720
QMYH77ME3W,11,180
UV2KNKPS89,10,180
X0KQ7A5F2J,14,720
0BA9BD3WZ8,8,360
LJ7HHZC7D2,15,720
SP5LKR6X7O,19,360
LB74QWM8ZV,17,360
CHIRCX8OIO,15,360
BR6VM3JB5X,12,360
WAKV2DQQGW,6,180
B67LWMFR2C,16,360
RMEGEN134J,10,180
Q5CEPDZFDC,2,180
4O2VBMC0DD,17,360
SMUQ82BS89,7,360
54IEVNULS7,18,180
BY8J1VOETD,7,180
3GZQHZF3OF,6,360
3V6XYPSOJ8,17,180
E80EE52OVT,16,360
LIOULFSC00,6,720
869XMW0HFX,3,360
LXI8D58SO3,8,180
6QSYF389VC,12,360
78QPOSZ09T,3,180
7HR9OGHCZT,6,720
39MUUJSE96,7,720
JGXZVYFYSS,18,180
O5BBTVMAT9,9,720
5DKJGNJT1L,13,720
6TMPJTFZEQ,19,180
1RDII43DZ4,7,720
XF3MF4NYBA,17,720
U8CCZEH9YK,21,180
QJCBR07KFD,6,180
3KMTKPOH6V,19,180
PAMOCS6BCM,15,180
0JUBK1FWZW,21,360
RUQX06BSDU,20,360
ZU4TL1S6XA,18,720
53YWABTBY0,4,180
ZQEGI3KG0I,5,180
LOWGVLVCU1,6,180
HCE55LMUJW,14,360
KYI1BDIJ0Q,15,180
ZIMX4SHOQ9,16,360
O4D4GMUI3W,17,180
M8V6KYHB3G,8,180
YTYVIQD123,9,360
QHPKMFX3PW,4,180
RQBGOLJCER,10,180
86SSWUSWX2,20,720
IP7IHCCQBK,4,360
PN7KAD90Y3,17,360
RZ5J5T86C0,7,180
ZYWPT9X1X1,17,720
51M63D5A5I,3,180
26068HUOTW,6,180
B9B9ZW9NNI,9,180
OVYA3JHWR8,13,360
MJLYD83FE0,18,720
7M8EUC4DOT,17,360
TB31D86ZUX,19,180
A25SVHHSPA,1,180
VG1TC5W0JK,17,360
53ATMALRNM,21,360
76DA8C0N1D,18,720
HBZRDPNZL9,10,180
NDYDITCL5C,7,180
310S5QIYCC,7,720
1YER424P6E,1,180
XU9CR34Z48,7,180
PIB3OR3MLY,4,360
2H0Y7FR1ZE,16,180
CHLHQAFBD9,3,180
CUK4QAF7VM,9,360
KJHX1LEH7C,15,360
ESTJXLFS33,1,360
YT3QM2745D,13,720
WYXXVS0GEV,12,720
UBIFO5VQZL,2,720
LM1DAJC7XR,17,360
1IJ4EAY6P4,14,720
YB515TXD44,6,360
AZ3A7JF5JF,1,720
U9GHH2GKPI,14,720
S1BYKSQPB4,19,360
JK1Q9REVEK,12,360
OMYSQZZPL4,21,360
K2D7AS3J8S,2,180
LD7G3SCREF,13,180
PRXHX8LNQG,1,180
6K9FN7SNEI,6,720
1PUE5JIJZV,11,360
D5UWI4IIDK,18,720
PMZV00G68S,12,360
D77V3U8DYF,17,720
69G20BRWCI,13,720
PWEWHCU3V9,18,720
4A7XAC1ZHL,15,180
CPNGSUELC0,7,720
U7JAUAUY9A,3,180
TZXHDSKH21,3,180
0ZNXUNXOU5,1,180
QABPF5KOG9,20,360
MUX46SS3GH,5,720
7C61Z9LWXQ,15,360
3R6R6JP108,5,180
SQMY53YLV1,13,180
37XNTEST3F,19,360
76DUO1LO4G,17,180
X44YWXM35T,12,180
9MUXO3P9YG,10,180
OC5LKIGBSM,19,720
1XIKBHB5MU,16,360
S64R4RWCAS,7,360
B343NGPTJP,18,360
JUSP7LPKU5,4,180
NL6DU8ACBJ,13,720
F6RC0Q05UU,17,180
JKRBIXTX2M,10,180
57CWQ6IQIP,12,180
KEVAYN09S7,19,720
DYRJF1T3FM,3,360
3U49Z3G4QN,16,180
0L1UEFLTTC,8,180
JQC3K7ZB0A,13,360
97NSIYHT4B,13,720
UVRDEZCON5,14,180
8SE8CF5R8K,10,180
OSM2V9CDBB,12,180
IDD3PGDLD0,7,180
D563FRU3G2,19,360
3SMGH0F378,20,360
5JP4YCHL8Q,21,360
3BI8LXC97D,5,720
ANJS8YIXE0,19,360
0H5V44DDQD,6,720
9VOF4MPBWO,1,180
MXYEL38DLC,17,720
C808WK3RQV,14,720
CF6F4YE4IJ,10,180
X1X6ZP0O65,18,720
9Z8PE5WOVR,10,720
YJRXJMSQ1I,1,720
IX8AGT8P29,12,360
INXGHVL712,8,360
E7T6PX7XIX,9,360
X3EE3X0WO7,12,360
41V3JBRMML,20,180
KAUQO6TMJR,7,180
Q6YQKC3UPX,3,180
HBZGU028C6,8,180
7I5DEVF1UN,18,360
CQ24WWD68S,17,360
DEKAISIFFL,13,180
KJ8C8X1WSQ,5,180
PK28Q45MO5,21,720
8ZBBG9P2CH,4,180
DOK44F2C0X,10,720
L9X4NQMNC8,21,360
OCWV851219,19,720
5R2ULQB06J,6,180
4S0SJZKO8M,14,360
PX43CL7R2B,5,360
NJYJ7G4KBB,16,720
15W6A9TSUR,16,720
KFH5KKVH8Q,17,360
ZUK16MOTRE,18,720
8VR2V8A70O,6,360
E8DOA7CVKB,4,180
05XF1WVFKJ,13,180
M9VC91RAJT,4,360
D65UFWKF6M,12,180
VKXQHNSL8W,6,180
9DF7PFSK0D,14,180
588OKZRUED,7,360
0ZK4QD4T0R,11,360
UFKHVFLG7V,8,360
4QCOI1RLG4,16,180
PD44W8U0YU,2,180
C29LJUVRU9,9,360
VQI5BROLBL,21,720
C1WPLTX5HW,10,720
VNG8CR3345,16,720
NI1EU4Q16V,12,360
QU4FF77AGM,12,720
DGHSNPN69Z,14,180
TLLJ0I1JW1,13,720
JUM8HTJ4CX,17,720
LKSFGSJL0E,20,720
ZCAMZ46L11,16,360
XD6LYTTTPJ,9,180
IZ3HKMJK7W,16,360
CTVBSOSWW3,3,180
HKOL89XHEL,21,720
XF5X8ZVGLU,2,360
UUI2DDUY77,8,720
OJ5L8I2YKF,10,360
WDOTXUHJ9E,16,180
Q3E7K7NFI0,5,720
K05DJLIF35,6,180
LXUQJHK1Y5,10,180
8PNDSAKNE0,7,720
8UKUHZUEHP,6,180
2UNPWXU1OR,21,360
G3T6WD5OXC,21,360
2RAC5BW325,6,720
ZC7I6HXQIJ,17,180
I6ULTGFJSW,6,720
ZLA9PQA295,2,360
K8RKW5Z2J9,19,180
6B9Q4OD7AQ,6,180
BL85ZKU4ZO,9,180
9Y9RYF1M4W,3,720
Q8Y8X3X12E,17,180
V5XGGL5EKT,17,360
MCN517FG8D,11,180
ZJKBDOZ8IB,6,180
OG4SCTDFX4,5,180
J0K2Z5FDKT,1,360
K8AYUO4MTN,2,720
V2P10L214W,7,720
LPXMWV2PVJ,10,360
SBBAVZM54B,21,360
6YD39SEFTJ,14,360
6GG2DX3LT8,6,180
30J61H0O64,10,720
8ENOQ5CQ06,13,360
IYSAL85U8F,18,720
ECN87IS2F2,21,360
P4NNK3HLQJ,8,720
NK6GI4CDEM,16,360
XUCO23VKEE,11,360
WV2DXCYJR5,6,360
1KP78AYUE7,6,360
NPRXTMY60I,2,360
YAZ8EXUMST,17,180
2XRMLAHOID,19,180
HD1TMA5QXV,15,360
RGYDVDF8VW,1,720
Z27BI8EV0O,9,180
NTQ01O1377,13,180
DEGTF69PT0,13,720
0P6XCTYUVM,13,180
9FYYE6U8DR,5,180
5AQ8J31MO2,9,360
I990WMAHIR,13,720
FTDWJMPPNY,14,360
ZSD1HFKCVN,4,360
IEV0TZOF6R,12,360
FJ2BXTCP4T,5,360
M7J7540SE9,3,180
OUM9OQ8AB4,2,720
KETREKPC8F,11,360
MTUA740GU5,18,360
8T6QU8DG3Y,14,180
CBGU2GDSD1,6,180
5LZ6QMBHVO,7,180
ZE83TG7ZSS,12,180
NP0PLRYUEL,1,180
FGZL2WGAK9,19,180
FOYNB2KY7H,14,180
SQQYWJCC1W,20,720
FSYQKI3PFH,14,360
2M6GWD68SI,18,360
QYAJF3CSVJ,10,360
B7GF1UDWFM,10,360
Z5EH3GDDUZ,3,720
XGQJMKPPEG,14,720
UC7LUIDD6I,18,360
CIA2BP3475,19,360
2Z4IV18NSC,3,360
SMAC99WY6T,14,360
K1B799ZAW4,21,720
LKTEANUSW4,15,180
OZPSSOVU0Y,20,360
NBD0JJNT0K,6,360
F9FTU7CR6B,9,180
Q041DBPVYE,20,360
4RCK3MHXBP,4,180
TGGWYKZMX1,10,180
J63HG2KD42,5,720
OM5LXTPJN0,21,720
XIFXBOTYS3,5,720
CB9ABGZ62S,15,360
0N0DDFTYAJ,12,720
4N0SN5ZIA2,10,720
SBXWT18DE5,6,360
3ZYCJT8G0F,3,360
066XXRD917,2,360
K7P8QTEAC5,6,180
CIE2YZ3PQU,2,360
6ULUD1XM0H,13,360
BINH1L8FWN,3,180
AM7SEVJNRK,5,720
40SQE7EFAI,2,180
XU27CMOPA1,19,720
SU83PEZ21F,13,720
RRWRF7ML85,13,360
LVRHR02U4L,9,720
XQ0M10FEHD,20,720
LSJQ2RVG3W,4,180
H2MLWAO36P,7,360
732NR39VW9,5,360
P29078NEL1,4,360
DWXBH8Z1MY,10,180
DETJXO92BF,12,720
NTZK2CMG8R,21,360
5Y6U4ITGFI,5,180
79ZH4F1VC4,17,720
WV962PIOKZ,18,360
0LOQQZCA8V,7,180
KNN9337ZND,21,360
RKD7O8WQJD,19,180
DRVFA9Y84Y,6,360
I0AICR2SKJ,1,720
IMS9PCTXA8,3,180
VAHO1KKHZZ,5,360
2FZPRQ8BV2,13,360
F7OD21JSYO,5,720
HT7SJSOMTX,5,180
YWPI0WHYA4,3,180
8JK2685Q6C,20,720
H0YPNZLZ1N,1,720
YGSMSD7JHV,12,180
KEOHO1RUZV,20,720
DY9US0LOV4,5,720
TJ9FHWHJ0O,14,720
P0XGFNO7HI,20,720
L353V7NEKU,3,180
T8O3VRPKDP,9,180
NRKELD6UHJ,19,720
4EFQ2B9JW6,2,180
IVB8DH0I72,21,720
KD09LA3SQJ,2,180
5DXLR8NC1V,11,360
9GH1A1PGPB,20,360
2XS6JKALGU,14,360
824UZO2SJ8,6,180
3BXE269D3V,16,180
Q0L62SECFC,13,360
F6BHQ4WLTH,20,720
7HJK1HIV4V,8,180
ORADBYEBLB,11,720
DWXI2R4QJX,9,360
6DFP3HXGWB,16,180
KLQXSNTNRL,8,720
WWADBHXPD4,21,360
E5SIJ0ULNX,16,720
IJMFCP9OR4,17,360
T64T39PYSC,18,180
WHH4CV4AFD,19,360
IJ89G915RK,16,720
KKK0EBXU5W,14,720
31TAEA3QMD,20,180
NZV5NUOBXJ,5,360
QOQYJ6Y4I0,21,180
K0YJ7SZ56K,13,180
XCEE2EY3EK,19,720
SAD2LICMQM,9,360
SXUD6OWX4V,20,360
YOE0BO9KMW,21,180
YI0ZFWPG9V,15,720
IOTYM3TTB4,17,180
VQWQ1LY82N,12,720
WNQF66A93T,5,180
QJU6XQDMW7,3,720
4D4L90T5KB,11,360
1DTOLUJ830,21,360
PJK1XYM1ET,13,360
AG28I8QHJT,7,720
QH5YQXUXF8,2,720
88BWULN5FX,2,180
EVH1FVXFSA,21,360
B4P192W897,2,720
QDPQL1TORZ,6,180
ZRACN1A3M6,3,720
4J5X657UZ7,17,180
Z2QA8OOO02,2,360
HPNCGXMI1B,7,720
DHVC1UO96E,10,360
Y9QM9YRVH1,15,360
BSMB9EFPEC,8,360
M9F0VUB98P,12,360
L5KORD3L50,11,180
YXP5N0MMYZ,5,360
1JNH7PDHP8,20,180
YCYTBCTU2I,13,180
0XKMY21CI5,6,720
AQMHG3VZOM,21,180
7942ANIDWK,2,360
P6Z71UJ64B,17,720
ZMSUA2P1JN,9,180
RALXNWE2C3,1,180
F0OK60D625,20,180
XGVVYGZ8MV,12,180
0ELLX1FOPS,10,180
101QC3W0L9,21,720
MHFDUJC0FO,16,180
H0W21ISOB2,1,360
QNZ641JH1G,8,180
8G169WSY32,20,720
6WTJQVW8J4,6,360
U8CN75VFHM,5,360
FA5UBV89F0,11,720
CFLH6J2HC3,14,720
L3LYSDET4Q,7,720
I7H9C3X57B,2,360
PE89H0OWPH,10,720
EG4DEBD31E,2,720
1QE642CLD9,12,360
1POB4R1LDU,21,360
WO75D88SBR,13,360
SOS6JTFR4Q,21,720
FQUA1M4QIA,14,180
R9Q63X5PH4,17,360
9YQQLSMTF2,20,180
34KX5F4XD7,15,360
B4NBCIDGHH,9,360
3BDMC102MO,1,720
0Y6ZEXBV9A,6,360
NYTEAPCDNO,18,720
3EOLT70AV2,15,360
NNZ4CUN1LH,11,180
5KJTEU55H0,10,180
6AETM8MFC0,1,720
TUWAI6HT8M,9,360
0SUJD3Y42V,4,360
OV6NC1K2D1,3,180
I4SI25QFMM,13,360
DOU0OUI8AN,19,360
OMQM7LB5BM,3,180
LJQGQC7NSG,7,360
P15E59EY1I,6,180
WWKRVG1PF2,2,360
FG6E0CAYX0,2,180
6O0YHAIQ8J,20,360
HJG2VHFU63,5,360
UP1BZBP0GI,20,360
E3GKL4HU80,20,360
6BRMR0F9HD,4,720
3QAABUABMT,20,720
XJAT2DQ8OK,13,720
DZ20ZBY4HD,15,360
BJKCANXBLW,13,720
ZFJ69S6KG0,19,720
BYSW15CQP9,16,720
WAIB60Z7K6,2,180
OFITPFIEHT,16,360
3K427SFX29,16,720
HNPWYX8BXM,2,360
N9T7LIGRGU,20,180
SR2ZX7MECH,14,180
6NHTTN812Y,17,360
PU6CU9DZ78,5,360
XHGZF8UT9E,1,180
L4VYA9F3B3,8,360
OS68JFGHW5,1,360
A0W1020SXV,16,180
K7D4ROUG9M,11,720
C2V0QGRRBI,3,720
B8RU74C3RB,21,360
VDXUGUT7CM,2,720
PQ8HTLTYW1,18,360
OC7MUY5MB9,20,180
S8SKF6BV0P,11,360
27FK69ANCM,17,180
X373SVTRA9,14,180
EOXFNL6ZWN,9,720
CWEZYB56OA,12,180
4U9P3RV4OJ,11,720
NOQZSZ4S6U,19,180
P2HJUFRIJD,8,180
SGMXKKLVTE,9,180
HKNCKKYE4M,2,720
EC0ACY9KBJ,21,720
W53LS8X8ZC,17,180
QHKP97MDAP,19,720
R5DU2NJABN,18,720
O268FLVTVD,9,360
GST0BBZ4YR,19,720
1DOIWW82KW,5,720
W6EBAFRDSO,10,360
O53YNL8LLU,17,180
41D5KBC5DG,12,180
M3PTPE3O3I,14,360
DLS2N1RYU4,6,360
J4HWU1LNLY,14,720
JU7A2002QP,7,720
45QK4IGYOJ,18,180
6JFC1PBZQU,11,360
3KZXM3OOOR,7,360
009Y8K02XT,3,720
OX9FEQ4ZRM,14,360
64PP9JR4UB,21,180
PSG0E46RII,21,720
YHZUS04GCZ,14,720
E89K1TTUB1,11,360
HG6G57959E,21,360
IDVIWN6Z26,21,180
BK5K63BD1J,21,180
TWE3GQBT2Z,4,720
2J69OLP9Q9,15,180
HLX36E0KQ6,5,360
B9JRG5ZZAL,18,720
EFZO8NOL75,10,360
J4WGVW18DI,16,720
HET9J71BPC,12,360
61ZJ30RPYG,16,360
IWD544CSPO,14,720
MY22CT2ZI3,13,720
9VERL56NL8,15,720
B7A5HBX17L,11,360
0GV54FZUW9,12,180
5WMUMDZ26G,13,180
ICTLVXP5F9,7,720
S5AMKZ30US,4,180
9V2A8HWCRJ,19,720
3OT6KSI72T,19,720
948VCQNPHT,1,180
8J19ILTNUM,4,720
CZFDUE9LB3,4,360
GUXFOZNFP9,11,720
5S1OXMX1HM,4,720
HIRBXN56U9,13,360
UMUAJLH6HE,4,360
J32TQW0LMU,2,720
EP0GDPCFG6,10,180
YFQO3SU1EG,9,180
8V83KV618X,17,180
HODQRJ1VZJ,16,720
PGQH15TBPD,3,180
XDWWNPAIEP,1,180
1X0U26BQHD,2,720
0QBNR6KJLP,11,360
UGAYW87P62,14,720
BKKJO0DID4,8,720
EZOJDPQNEK,6,180
3LYLAGHG7O,1,360
7J99TOZXKU,1,360
DOX32BMU55,21,720
VOD54VLC1R,15,360
K74IB86YM0,12,720
7OPHPENX0X,12,360
3DVB93KZ8E,4,180
U6TLDYPU6G,11,720
AGIPT2Y9AR,8,360
P4QCGCWGR7,11,180
HP01EYTII3,17,180
QZVOE5DW2W,14,180
TRNG6ZKCFT,4,180
RKC03Z26Y1,13,720
E653Q0W16V,7,720
O4U2ENFK2M,3,720
L028CLKUG2,11,180
APPPSZUJHJ,9,180
PADBWR7DD7,4,360
UDTZVLXJX3,20,360
ZUA0WB9P20,4,180
5L3TGY54GP,8,180
KBOD37BC7I,1,720
P0KDNF0MBS,1,180
HW4J8SS969,14,360
UKWASD0DQ2,19,180
RX8RQK6IME,5,360
QCWOYORD9I,15,180
7PGVS8HRFW,19,720
4FH0J8ISYI,9,180
0QGMRS5IH9,11,360
6AR6V6FEZ1,8,180
176ATSLN7N,19,360
RRZD8S1GS6,18,360
CNEJKYX2RU,12,720
6QFZAWDAN7,7,180
8A96XCTSKC,9,360
RT4M1DQD4K,5,180
IT32NWFNQ5,10,180
GUBAE4AUBE,20,720
0DXQ311NC3,21,180
48LQ5LP2QQ,7,180
ZIHZU6A6XU,5,180
IAZX4N5X1H,21,720
74OA3WLBW8,12,360
JD105UEJSC,21,180
8G7PB17PVT,10,720
V8PUSF5AA0,1,360
LPJ09VTXZ0,20,180
LAH590IINA,11,180
9JOFWSI3EI,11,180
ZQKWE0TWS5,15,360
TJLB514LP1,19,360
32X3UBGTMQ,14,180
H3D9K870FB,15,720
ZI7PFY3TPM,6,360
GNO374VMU5,12,720
6OYUBQRBEY,20,180
AA93J0QEVB,20,180
J8KYPTLGYL,8,720
QB4BEKJLZT,20,360
V1LJGZARYB,5,720
EFGO7Q0RC5,6,180
ENAZA5B07A,18,720
2FD0I32DVI,19,720
WS0F77BU8H,16,360
FIIT5MURV0,20,360
AWDGNYKD92,7,720
1AS3398LGT,3,180
ZK71WD99NA,5,720
NVBRD2NR4I,6,360
7JKO5O934R,12,360
I80J4T6P1Z,13,360
KZ0SB3O2PM,20,720
JDICB85W48,17,180
BKUK2NZECR,13,180
WHVJ9TUOQI,10,720
SUVFZEWU8A,17,180
NXUY2K44KN,8,180
SHAAR203JH,12,180
NHW2DG13PZ,2,720
WWN8GVF80K,10,360
7JQZHEQD21,2,180
TO63EBZ6WL,3,360
TGKFEJ3EE2,5,720
6AIH9YSNUV,12,720
I0IQ831BL6,17,180
FTY10T6316,21,360
HOTLZQ8T6X,19,360
PGKRTJRT93,17,360
HG07S4ZJW4,10,180
02GSF1Z98F,4,720
28D72103H5,15,360
EXNDR7MVNQ,3,720
RQ26BOSB5X,2,720
9TGLN5OYP1,3,720
3PSR9N7KVG,19,180
SVU0WH3DTB,17,360
8L8SRWHQUA,11,360
5U4A9AQFN3,10,720
JKDKFABIE6,7,360
WNU9QO3W0C,4,180
85ZZN28T9K,21,180
B4QV2O3USU,17,360
EELIVZUBXY,13,720
H8KO0OMW94,10,720
5TGJDTUECJ,5,360
SNA6UR9I2W,19,360
R5INYFGNSL,17,360
7NL73LQ1PQ,9,720
TTTA51FM3L,5,180
AJRTVGGTLM,19,360
O6NP61JZN3,1,720
EIICXJTW72,5,720
RZX7V2PZJD,14,180
Y0N7M9AF67,6,360
RJON4CQZW6,8,180
6B4ZECBWYD,16,720
SIZLB38S81,11,360
6AU1M6R7LG,12,360
RE6TST33ZF,10,180
E42K481XIF,15,180
9DMWL3TKDI,9,360
3322O5PWSH,5,720
OXGHBSKTKB,8,180
MPR72XM3BO,19,360
W6NOX7D34K,8,180
8RWSTLMD3O,2,720
EQZ6VEUSMZ,1,180
M4013D2YXI,6,360
MN29K9PKRY,10,360
DUH4UQEF30,16,720
O780WEAEN7,8,180
XMOPIGXNT3,15,360
3CAID1Q3IP,13,360
AEVWVC7KW8,20,180
DG5AVJYKJE,16,360
ATGPZGVCZ2,12,360
AXL8ZYTMFJ,3,180
0O7JH7IHFW,14,360
NI2R97G0LS,10,360
KWI22KRV4A,3,720
4QE90YF0YA,15,720
YA8B1L5MZ8,10,180
9PFTSHNKLR,5,720
CICLAH3FEO,18,180
IYAP4GLP2Q,10,720
713QQ86KAH,1,720
L1SRAXVZPK,6,360
CBEGANIHMY,10,360
Q2OC6I0AOF,2,180
1JMN8EDQMY,8,180
966SWNJEEE,14,720
XUPHY28F37,5,720
ZY7C4QPA00,9,180
4MOQLQ5HA7,2,360
Q4M4C932RT,19,720
4G3CMNN5Y5,5,360
90LJOMWHER,14,720
NEJTCHCVKW,14,360
X1YNMSACZC,4,360
WCL5OGHQ9V,2,360
L9AMFZ8HP0,16,720
V5996AJZL6,9,720
BUFVMFF46Y,18,180
DBX9DIBYT1,21,180
Q7JA20ZDIW,19,180
FCAHW8YD9O,10,720
YI35ATANES,18,360
MB6NS7GU4P,7,720
CSHQ3RTO2F,12,180
QG8WH717NY,8,360
5H55L9ZM4X,1,180
0IVNHIPXRX,14,360
62DO25RQHK,20,720
TLCKQCCJTQ,20,360
QK3IYHEGVO,1,360
JTH8NP7X0F,21,180
FYILJ021JF,13,360
EXTY1D3Z9W,3,360
BRZ4ZGWJ9T,8,720
V2DC7LLAEX,2,180
UCST38Z2BF,10,720
VUKQG67WX2,6,360
SDYL9B3ET6,11,180
JCDWE1KR33,19,360
LHO1KYOH64,12,180
7U4GBXR7KR,13,360
7Y12MIWBR6,3,360
ROGPG43D9B,21,360
IAOX5G21AR,15,360
GDVCKHQYSY,18,180
CAZA1S5FVY,17,720
TSEN9CIBBN,20,360
54HUD9XGUU,9,360
0YG2S3C0GM,15,720
GZNL6EL9TL,7,180
G0656E9ALD,4,720
EW6M6CJITX,8,360
FE300KYVF0,6,180
SAYZTD5UI7,9,360
0JG666H3CL,8,720
MKVS087HGU,4,720
Q3DOSJWBX5,17,720
M1EL58IKSA,10,180
FQI1KTOJSK,14,180
VDX9RMECDS,8,720
RM5CFVYKWN,4,720
8N699QV005,9,360
BE3ELQQXNF,18,720
3X26VJ4G4A,14,360
BJDTBGH14F,19,360
GK8Y46GTFJ,7,720
Z7IB88B53W,7,720
TPXO9ZCKOI,17,180
1H6F6SF8SN,15,180
TX3IX9KH0F,3,720
B0VF4SZOM7,21,720
13ZS2X0A40,9,180
9IWYAFZY1O,14,720
L1ZZ99YFPS,11,360
TIJW1PJNR5,9,360
V3Q7LXS4EL,4,360
RKBK8ABSDK,4,360
DEVIAOW5H2,5,720
NR4DEAQNZ4,14,720
47PTY9HYDK,1,180
QF9ZDCT5RO,4,720
RFDJ1KPB8Z,7,360
TO8YSHAQP7,21,180
6STJT6S42P,10,360
4NSSPOFM15,14,720
6GHI1DZE8Z,14,360
HCS61340RT,10,180
4N0MS6MAP3,16,720
ZFO9148W4R,15,720
D12U5QSQ1Q,2,180
XRH18I00DK,2,360
Q5LBZB4GS2,16,180
RWTTHO0M9X,12,180
TFKDEX3PFT,3,720
V62XP6V878,12,180
GH5TPTKLKV,21,180
NUVNMIRYA8,1,180
LOIJOAS8OM,6,360
2UXYDCB964,15,360
W2QZM7O245,15,360
865RRX1NA5,4,360
EIGZTYIA9D,19,360
3QLWRGU6VE,8,720
3E5ZSMT5P1,15,720
MM45UJCO3P,18,360
SP8IQVR1CX,8,360
LRGFNY2JEG,20,360
IDRU56Z86X,3,360
EJYL6CASZW,3,360
CI79W30J7G,1,180
D1L8HV3ZU9,11,180
Q35M8D4TQT,8,180
9AZFMNJQL3,4,720
4MRGI69QUA,17,180
7Z8HFBISWR,13,360
PCGGAQKPW6,20,360
0N5TKXQOPY,11,180
660QUMPZGD,14,720
97OKXGUMMA,8,180
JXTY9HWW85,14,360
IISFTVY78B,11,720
LMIC9WRO4K,15,360
ESWXVIQGBT,2,180
4XBJZGCRDG,1,360
V9S9LAT7CF,10,180
ELE70VVBOD,6,180
CRF5ZLLWO8,5,180
A7BFANIKC3,5,180
B7AJC4U74C,4,360
WQ3IJDVEQO,21,720
4J3ATT5QD7,17,180
XIE6XBIMMQ,20,360
6HSAXDDEHH,5,720
GCPDCBRMCI,2,180
CB03886WQH,2,180
QCEK9KS4KT,12,180
NPS3O706WT,3,720
VB6YBA58CA,17,180
MR0MYNEXY3,12,180
5UBCIXV4NO,7,360
XFDWHUM6Z6,13,720
8L0JZEUS97,10,180
M848WWGFPJ,4,180
OA53MP8SNK,21,360
M2SB245ADW,15,180
T014QES58C,13,180
4ZUQMFTWVX,7,180
SQBBIJFGZ6,16,180
5C40PB6Q19,19,360
V6JY10J2EB,11,720
5E5LPJ0B6G,13,360
